set,experiment,k,q_squared,x_b,t,ReH,ImH,ReH_algorithmic_std,ImH_algorithmic_std,xsec_chi2,diff_chi2,joint_chi2
1,E07-007 Hall A,5.55,1.51,0.359,-0.17999999999999997,-0.5328274,5.696882,0.011888779,0.0054514315,0.84281944874847,1.996894571268755,1.4198570100086125
2,E07-007 Hall A,5.55,1.51,0.359,-0.23700000000000002,-0.7240161,5.418751,0.0022298554,0.0024209735,2.1998010763961005,1.7133434071595153,1.956572241777808
3,E07-007 Hall A,5.55,1.5199999999999998,0.36099999999999993,-0.298,-0.075384304,5.2880077,0.0008311396,0.0020788498,2.397549238819859,1.4588698058635654,1.9282095223417124
4,E07-007 Hall A,5.55,1.74,0.359,-0.18299999999999997,-0.52031374,4.978293,0.005414519,0.0024220536,0.9947203730885684,2.9861581366561487,1.9904392548723586
8,E07-007 Hall A,5.55,1.9799999999999998,0.357,-0.18200000000000002,-0.7054862,4.8384004,0.014914914,0.009502811,0.267103375403629,0.45079680165011676,0.3589500885268729
9,E07-007 Hall A,5.55,1.9799999999999998,0.35600000000000004,-0.242,-1.3216677,4.440232,0.027189486,0.010483911,0.7309117133950634,0.6316149147921765,0.68126331409362
10,E07-007 Hall A,5.55,1.9799999999999998,0.35600000000000004,-0.302,-1.2639519,4.0666676,0.014875979,0.01573477,1.1236231058041937,0.8251389659353227,0.9743810358697582
11,E07-007 Hall A,5.55,1.99,0.35799999999999993,-0.363,-0.86167,4.068984,0.008936228,0.014590302,1.3084076585028745,1.0494265344337286,1.1789170964683016
15,E07-007 Hall A,4.455,1.74,0.357,-0.18099999999999997,-0.55170774,4.995487,0.0065852553,0.0071631097,0.984611065635779,2.409862658712472,1.6972368621741256
29,e1-DVCS1 Hall B,5.75,1.27,0.15399999999999997,-0.11000000000000001,-2.3681788,6.628806,0.042350337,0.07794574,0.2281907178441835,0.09201073683217471,0.1601007273381791
34,e1-DVCS1 Hall B,5.75,1.27,0.15399999999999997,-0.4499999999999999,-2.5663633,2.619423,0.05057416,0.048506945,1.0032260063572587,0.07095513469638012,0.5370905705268194
41,e1-DVCS1 Hall B,5.75,1.45,0.18400000000000002,-0.11,-0.75056136,6.767421,0.07426519,0.06835148,0.03729612402729229,0.10095703782889076,0.06912658092809153
42,e1-DVCS1 Hall B,5.75,1.4499999999999997,0.18400000000000005,-0.14999999999999997,-1.5979462,5.8634977,0.0613492,0.026713656,0.06437868768542078,0.11469727872207694,0.08953798320374887
43,e1-DVCS1 Hall B,5.75,1.4499999999999997,0.18400000000000002,-0.20000000000000004,-1.7915497,5.13226,0.09688073,0.0209313,0.1388914666418872,0.0956417869632524,0.1172666268025698
44,e1-DVCS1 Hall B,5.75,1.4499999999999997,0.18400000000000002,-0.25999999999999995,-1.9688904,4.49296,0.021977596,0.018576484,0.3250638133915949,0.11803034972230395,0.2215470815569494
45,e1-DVCS1 Hall B,5.75,1.4499999999999997,0.18400000000000002,-0.33999999999999997,-2.2375207,3.8194206,0.055672105,0.0484679,0.8062512351126365,0.10052319152647562,0.45338721331955606
46,e1-DVCS1 Hall B,5.75,1.45,0.184,-0.45,-2.441557,3.0890207,0.05645547,0.05210663,1.7257289361474184,0.0989083772670637,0.912318656707241
53,e1-DVCS1 Hall B,5.75,1.64,0.214,-0.11,1.2207043,5.9566164,0.04538388,0.19077669,0.1928567453486367,0.14434681518651213,0.1686017802675744
54,e1-DVCS1 Hall B,5.75,1.64,0.214,-0.15,0.2422598,5.755583,0.020731311,0.031994283,0.0675124883155437,0.18302755160976694,0.12527001996265533
55,e1-DVCS1 Hall B,5.75,1.64,0.214,-0.20000000000000004,-0.6839266,5.0946493,0.012426687,0.02435118,0.21121278559113946,0.1692396123506915,0.19022619897091547
56,e1-DVCS1 Hall B,5.75,1.64,0.21400000000000005,-0.25999999999999995,-1.2040825,4.496336,0.073195405,0.03726418,0.3690939482397014,0.2019723193620595,0.2855331338008804
57,e1-DVCS1 Hall B,5.75,1.64,0.214,-0.34,-1.7633739,3.9850078,0.01192102,0.09955618,0.7888581243064565,0.16272813726069224,0.4757931307835744
59,e1-DVCS1 Hall B,5.75,1.8800000000000001,0.215,-0.11,3.132361,5.6429963,0.05880797,0.078533284,0.13984182077595803,0.07541784431714411,0.10762983254655106
60,e1-DVCS1 Hall B,5.75,1.8800000000000001,0.215,-0.14999999999999997,0.93351066,5.675068,0.04576239,0.0459374,0.3377061484487093,0.0728483529486886,0.20527725069869895
66,e1-DVCS1 Hall B,5.75,1.79,0.244,-0.15,0.8815664,4.880645,0.098294705,0.026132584,0.05247936380593104,0.10907515631686926,0.08077726006140015
67,e1-DVCS1 Hall B,5.75,1.7899999999999998,0.24399999999999994,-0.20000000000000007,0.44846198,4.909444,0.10473227,0.079232275,0.07411126967139742,0.14188487076626535,0.10799807021883139
68,e1-DVCS1 Hall B,5.75,1.79,0.244,-0.26,0.034613907,4.5946674,0.04242618,0.10356486,0.2512605621512951,0.16880131007388866,0.21003093611259188
69,e1-DVCS1 Hall B,5.75,1.7999999999999998,0.24399999999999997,-0.34,-0.73769057,4.122324,0.17966884,0.050102025,0.6475407008914849,0.1730860700560291,0.41031338547375695
71,e1-DVCS1 Hall B,5.75,2.12,0.244,-0.11,0.6174767,3.8063273,0.07669525,0.19382872,2.854245745565533,0.11517344344787706,1.484709594506705
72,e1-DVCS1 Hall B,5.75,2.12,0.245,-0.15,3.7181888,4.45656,0.007500284,0.13187562,0.1685828967492662,0.08768718743289805,0.12813504209108212
73,e1-DVCS1 Hall B,5.75,2.1199999999999997,0.24500000000000002,-0.20000000000000004,3.497362,5.461105,0.30318972,0.13107973,0.40081822115092114,0.13212921591091525,0.26647371853091817
74,e1-DVCS1 Hall B,5.75,2.1199999999999997,0.24500000000000002,-0.25999999999999995,1.0274074,5.0345354,0.17863187,0.074318685,0.6693402485598787,0.1922022613998638,0.43077125497987123
75,e1-DVCS1 Hall B,5.75,2.1199999999999997,0.24500000000000002,-0.33999999999999997,-0.19494872,3.744312,0.10197618,0.02590268,0.673823744256783,0.1321967778222728,0.4030102610395279
79,e1-DVCS1 Hall B,5.75,1.9399999999999993,0.274,-0.20000000000000007,0.48609766,4.3212924,0.07258539,0.11876883,0.009868881230155993,0.049805283995936304,0.02983708261304615
85,e1-DVCS1 Hall B,5.75,2.3500000000000005,0.27500000000000013,-0.20000000000000007,2.7091575,4.200348,0.06659729,0.029029835,0.039283856185887187,0.08249993273506998,0.06089189446047858
86,e1-DVCS1 Hall B,5.75,2.3500000000000005,0.27500000000000013,-0.25999999999999995,5.8931985,4.695394,0.7353027,0.17979656,0.16651435723850433,0.16463180907713124,0.16557308315781777
87,e1-DVCS1 Hall B,5.75,2.3500000000000005,0.2750000000000001,-0.33999999999999997,5.9979534,4.362268,0.14753632,0.09650363,0.16238509877159904,0.20755964399812674,0.1849723713848629
88,e1-DVCS1 Hall B,5.75,2.3500000000000005,0.2750000000000001,-0.4499999999999999,1.2916967,3.2508743,0.7614792,0.15536249,0.4186919696743717,0.125002276042775,0.2718471228585734
91,e1-DVCS1 Hall B,5.75,2.1000000000000005,0.30400000000000005,-0.20000000000000004,-0.75625014,3.938669,0.015628476,0.14325882,0.004282566047595491,0.033691546644053105,0.0189870563458243
97,e1-DVCS1 Hall B,5.75,2.58,0.304,-0.20000000000000004,0.19007263,3.4567149,0.034089535,0.08259492,0.5110200724085341,0.07256572004769733,0.2917928962281157
98,e1-DVCS1 Hall B,5.75,2.58,0.305,-0.26,2.0862126,4.0098343,0.16261463,0.16263616,0.03238822527472429,0.09492572893846492,0.0636569771065946
99,e1-DVCS1 Hall B,5.75,2.5799999999999996,0.30499999999999994,-0.33999999999999997,4.2444224,3.8003626,0.4653718,0.38074508,0.15335907356531556,0.11264922786031423,0.1330041507128149
100,e1-DVCS1 Hall B,5.75,2.5799999999999996,0.30499999999999994,-0.4499999999999999,4.822535,3.0806932,0.07530024,0.10788257,0.09351832577773479,0.0981864465266613,0.09585238615219804
107,e1-DVCS1 Hall B,5.75,2.78,0.335,-0.20000000000000004,-2.2307596,4.4162,0.29308334,0.026492989,0.5098735155273507,0.017070607139934885,0.2634720613336428
108,e1-DVCS1 Hall B,5.75,2.78,0.335,-0.26,-0.16472349,3.9846482,0.16272911,0.16657348,0.008992169452871072,0.05805491209832895,0.03352354077560001
109,e1-DVCS1 Hall B,5.75,2.78,0.335,-0.34,1.5250106,4.243561,0.21861464,0.2996887,0.02279300282710171,0.127540411224803,0.07516670702595235
110,e1-DVCS1 Hall B,5.75,2.7800000000000002,0.335,-0.44999999999999984,2.9187639,3.5203438,0.4121816,0.06112792,0.09116887934813324,0.13298039399258602,0.11207463667035963
116,e1-DVCS1 Hall B,5.75,2.9699999999999998,0.36500000000000005,-0.25999999999999995,-1.0028038,5.0266604,0.082822874,0.087330736,0.07742197810428147,0.0870388373035977,0.08223040770393958
117,e1-DVCS1 Hall B,5.75,2.97,0.365,-0.34,-0.38728714,4.0614567,0.042657536,0.023488505,0.019846939941784155,0.08863014641408973,0.05423854317793694
118,e1-DVCS1 Hall B,5.75,2.97,0.36500000000000005,-0.44999999999999984,0.2205356,4.101506,0.07635267,0.10181432,0.0643559199591972,0.24467614866096396,0.1545160343100806
125,e1-DVCS1 Hall B,5.75,3.18,0.4000000000000001,-0.33999999999999997,-0.0075808614,3.7768657,0.18120527,0.23951438,0.07810611217422482,0.04589936830162992,0.06200274023792737
126,e1-DVCS1 Hall B,5.75,3.18,0.40000000000000013,-0.44999999999999984,-0.013443679,3.285642,0.15983808,0.17469496,0.09495698510519063,0.07148887428130182,0.08322292969324623
138,E00-110 Hall A,5.7572,1.82,0.343,-0.17200000000000001,-0.8857043,4.9150147,0.02066125,0.019492064,0.8051262704302838,0.28023201424780847,0.5426791423390461
139,E00-110 Hall A,5.7572,1.933,0.36800000000000005,-0.232,-1.0487568,4.558069,0.008246039,0.009059878,1.0772193336789222,0.2540524969136409,0.6656359152962815
140,E00-110 Hall A,5.7572,1.9639999999999997,0.375,-0.278,-1.0783547,4.283202,0.05299585,0.014977421,0.9832252482095588,0.35421419613743454,0.6687197221734966
141,E00-110 Hall A,5.7572,1.986,0.379,-0.323,-0.63961697,4.167299,0.0713797,0.012105839,0.7495370817908388,0.43724003067998973,0.5933885562354142
142,E00-110 Hall A,5.7572,1.9989999999999999,0.381,-0.371,-0.07450323,4.225514,0.09665286,0.012213894,0.5066878729469318,0.44678717847079596,0.4767375257088639
143,E00-110 Hall A,5.7572,2.012,0.37799999999999995,-0.19200000000000003,-0.33166105,4.824013,0.044656955,0.032400504,0.04561043568110934,0.1305100872998374,0.08806026149047337
144,E00-110 Hall A,5.7572,2.054,0.39200000000000007,-0.233,-0.9043933,4.5586677,0.04019652,0.01629433,0.20720402716792144,0.12883602329799768,0.16802002523295956
145,E00-110 Hall A,5.7572,2.074,0.39799999999999996,-0.279,-1.3550729,4.2274113,0.0819179,0.037834596,0.2921901742033692,0.0854914152899985,0.18884079474668383
146,E00-110 Hall A,5.7572,2.084,0.4000000000000001,-0.324,-1.0372368,4.055161,0.047842685,0.015765002,0.30329629310793893,0.16893232294877772,0.2361143080283583
147,E00-110 Hall A,5.7572,2.091,0.401,-0.371,-0.31819534,4.056643,0.07549123,0.033637714,0.2595149615746466,0.24369411510433267,0.25160453833948965
148,E00-110 Hall A,5.7572,2.161,0.336,-0.171,-1.3684587,4.568411,0.01515342,0.02324177,0.25429168959361587,0.06065206556756955,0.15747187758059272
149,E00-110 Hall A,5.7572,2.19,0.342,-0.231,-1.2394058,4.47801,0.08060117,0.034575347,0.27119886247579045,0.1723818373641952,0.22179034991999283
150,E00-110 Hall A,5.757199999999999,2.1910000000000003,0.34199999999999997,-0.32399999999999995,-0.96788037,4.006231,0.14055288,0.05325312,0.23694464290093756,0.24391906076563688,0.24043185183328722
151,E00-110 Hall A,5.757199999999999,2.1929999999999996,0.34199999999999997,-0.3710000000000001,-0.68275046,3.8648348,0.2705151,0.10197365,0.23324152715660834,0.23654376196847343,0.2348926445625409
152,E00-110 Hall A,5.757199999999999,2.1940000000000004,0.343,-0.27800000000000014,-0.9504883,4.175073,0.03762831,0.012519574,0.24232593123153964,0.27830015946917913,0.2603130453503594
153,E00-110 Hall A,5.7572,2.218,0.345,-0.17600000000000002,-1.218353,4.873381,0.021026818,0.014681811,0.4036530875033244,0.11082012598080397,0.25723660674206417
154,E00-110 Hall A,5.7572,2.318,0.363,-0.232,-1.3428962,4.9436445,0.023911279,0.011106115,0.6727974708077102,0.5177532642853478,0.595275367546529
155,E00-110 Hall A,5.7572,2.348,0.36800000000000005,-0.279,-1.3148593,4.4652257,0.051970974,0.00807409,0.475009862357143,0.5708460750160764,0.5229279686866097
156,E00-110 Hall A,5.7572,2.36,0.371,-0.325,-1.148481,4.0722857,0.032383166,0.020541359,0.44639135832205756,0.44551305910023836,0.44595220871114793
157,E00-110 Hall A,5.7572,2.375,0.373,-0.37200000000000005,-0.8201368,3.9887757,0.050448045,0.022450762,0.3487009967709775,0.5122546531175961,0.43047782494428677
163,e1-DVCS2 Hall B,5.879999999999999,1.1302999999999999,0.125,-0.4465,-2.3156357,1.8374527,0.0057318383,0.03384444,0.38619508744636516,0.15643411500780702,0.27131460122708606
164,e1-DVCS2 Hall B,5.879999999999999,1.1308,0.1251,-0.6041,-1.441358,0.92256,0.00991073,0.023171814,0.5796121988405163,0.07340141241826265,0.3265068056293895
165,e1-DVCS2 Hall B,5.879999999999999,1.1311428571428568,0.12528571428571428,-0.8628571428571428,-0.6345502,0.25397825,0.008307453,0.019335616,0.41959010683101927,0.025753240107287037,0.22267167346915315
167,e1-DVCS2 Hall B,5.879999999999999,1.3003684210526316,0.15410526315789472,-0.10821052631578948,-2.265159,6.4109535,0.07526238,0.021450924,1.0038746942389234,0.07172001520448687,0.5377973547217051
172,e1-DVCS2 Hall B,5.879999999999999,1.3024,0.15419999999999998,-0.44699999999999995,-2.4248044,2.4867058,0.011898133,0.039394658,1.0207138777070917,0.0886422432445031,0.5546780604757974
182,e1-DVCS2 Hall B,5.879999999999999,1.4269999999999998,0.15600000000000003,-0.6032999999999998,-1.2487938,1.4164028,0.038692277,0.008502132,1.0391120537210852,0.09191273495813419,0.5655123943396096
186,e1-DVCS2 Hall B,5.879999999999999,1.4870909090909095,0.1841818181818182,-0.15309090909090908,-1.4922034,5.5500526,0.01426477,0.038656674,0.11405644927225672,0.3177320116183878,0.21589423044532227
188,e1-DVCS2 Hall B,5.879999999999999,1.4878,0.1841,-0.26210000000000006,-1.8771858,4.155913,0.051913954,0.05273053,0.3475744385704756,0.24036816238893718,0.2939713004797064
189,e1-DVCS2 Hall B,5.879999999999999,1.4881000000000002,0.1841,-0.3405,-2.12488,3.558651,0.017943505,0.015426366,0.7899617557226513,0.178719892371843,0.4843408240472471
190,e1-DVCS2 Hall B,5.879999999999999,1.4882,0.1841,-0.4473,-2.298106,2.9283347,0.06772801,0.010092896,1.4550742206167966,0.1470472495032086,0.8010607350600026
200,e1-DVCS2 Hall B,5.879999999999999,1.670578947368421,0.185,-0.6039999999999999,-1.4588286,1.7817227,0.029939335,0.03478693,1.36889512041033,0.19581639394595582,0.7823557571781429
202,e1-DVCS2 Hall B,5.88,1.6673749999999998,0.18562499999999998,-1.3792499999999999,-0.92061305,0.24429607,0.010583506,0.029393485,1.063424120262293,0.0023912651333169834,0.5329076926978049
205,e1-DVCS2 Hall B,5.879999999999999,1.6848181818181815,0.21400000000000005,-0.20327272727272724,-0.60395753,4.8895626,0.056884307,0.01477717,0.17158918917190202,0.5411337035926438,0.3563614463822729
206,e1-DVCS2 Hall B,5.879999999999999,1.6855999999999998,0.21400000000000002,-0.2622,-1.1556392,4.2152433,0.017155545,0.033061095,0.3517594141336381,0.4421865412382943,0.3969729776859662
207,e1-DVCS2 Hall B,5.879999999999999,1.685526315789474,0.2142105263157895,-0.34063157894736845,-1.7233624,3.7421286,0.09381246,0.038205523,0.8704740505958406,0.2943850566505993,0.5824295536232199
208,e1-DVCS2 Hall B,5.88,1.685,0.214625,-0.4475,-2.382058,3.2327056,0.11492,0.05090359,1.7887052631945768,0.22532327743106007,1.0070142703128184
211,e1-DVCS2 Hall B,5.88,1.6822941176470587,0.21494117647058822,-1.3808235294117648,-1.0951535,0.326478,0.043774683,0.029123904,0.7305824326920773,0.005182292908099682,0.3678823628000885
212,e1-DVCS2 Hall B,5.879999999999999,1.931,0.21490909090909094,-0.10854545454545454,3.9704263,5.4659853,0.04160557,0.027460475,0.7178619382704553,0.10056655826540627,0.4092142482679308
213,e1-DVCS2 Hall B,5.879999999999999,1.9325999999999997,0.215,-0.15309999999999999,1.0347608,5.7246523,0.043132503,0.053821832,0.3342866553985281,0.19048263292702555,0.26238464416277685
219,e1-DVCS2 Hall B,5.879999999999999,1.9312222222222222,0.21499999999999997,-0.8682777777777777,-0.7423662,0.97981,0.29711133,0.052863583,0.3249231026345559,0.10013871993058507,0.2125309112825705
225,e1-DVCS2 Hall B,5.879999999999999,1.8476315789473687,0.244578947368421,-0.3411578947368421,-0.55172116,3.9814653,0.12702678,0.07520204,0.600516668032081,0.31848994532014296,0.459503306676112
229,e1-DVCS2 Hall B,5.88,1.8435882352941175,0.24452941176470588,-1.3872941176470588,-0.8392658,0.41365218,0.034174427,0.0053708716,1.362740535140074,0.0109698143317311,0.6868551747359026
231,e1-DVCS2 Hall B,5.88,2.1675,0.245,-0.15325,4.1871824,4.452543,0.05218251,0.05729945,0.3764604478696933,0.2975205273016294,0.33699048758566136
234,e1-DVCS2 Hall B,5.879999999999999,2.1721999999999997,0.24509999999999996,-0.34060000000000007,-0.25942323,3.8109152,0.068651974,0.042486344,0.8081866484436734,0.3872212417914704,0.5977039451175719
247,e1-DVCS2 Hall B,5.88,1.990076923076923,0.27492307692307694,-1.401923076923077,-0.9240607,0.61029196,0.027638644,0.01720117,1.5971852679054086,0.030718975326468504,0.8139521216159386
251,e1-DVCS2 Hall B,5.879999999999999,2.4038181818181816,0.27500000000000013,-0.2622727272727273,6.1673336,4.6693563,0.7037188,0.09300341,0.570552097829168,0.656629026825966,0.613590562327567
254,e1-DVCS2 Hall B,5.879999999999999,2.4075333333333333,0.275,-0.6055333333333335,-0.6452316,2.221343,0.11643032,0.041693285,0.9160924074796567,0.18957811612219708,0.5528352618009269
263,e1-DVCS2 Hall B,5.879999999999999,2.1629444444444443,0.3048888888888889,-0.6072222222222223,2.70172,2.4760334,0.0094027035,0.019307222,1.0316930291332216,0.1028905774340244,0.5672918032836229
265,e1-DVCS2 Hall B,5.88,2.1554117647058826,0.3045882352941176,-1.4151764705882353,-1.0132685,0.8214977,0.028452097,0.023509873,1.3694621940221359,0.08440851388003355,0.7269353539510847
268,e1-DVCS2 Hall B,5.88,2.6525,0.3045833333333334,-0.20366666666666666,0.2256636,3.3878047,0.08827396,0.06924219,1.0094690617480386,0.21614536278757276,0.6128072122678057
271,e1-DVCS2 Hall B,5.879999999999999,2.6497,0.30499999999999994,-0.4478,5.076911,3.0188835,0.15159252,0.10771616,0.21655866754331177,0.2736732739417729,0.24511597074254232
281,e1-DVCS2 Hall B,5.879999999999999,2.2957894736842106,0.3347894736842105,-0.6079473684210526,1.4098943,2.5754821,0.03482876,0.04109908,1.1200089980190011,0.08182057422644183,0.6009147861227214
282,e1-DVCS2 Hall B,5.88,2.29625,0.3349375,-0.872125,1.920007,1.5444767,0.034123577,0.06851325,0.6900805451569182,0.02576676383145207,0.3579236544941851
283,e1-DVCS2 Hall B,5.879999999999999,2.2855555555555553,0.33461111111111114,-1.4262777777777778,-0.89477766,0.9463351,0.1181553,0.032546792,1.0640856677192443,0.09207377575118983,0.578079721735217
289,e1-DVCS2 Hall B,5.879999999999999,2.853105263157895,0.335,-0.6061578947368421,4.1061964,2.139864,0.05498183,0.023544302,0.13686538839017484,0.12700112110558542,0.13193325474788015
298,e1-DVCS2 Hall B,5.88,2.4210588235294117,0.3649411764705882,-0.8754117647058822,1.6824498,1.5761423,0.07742211,0.0797159,0.47442953318561887,0.010603878871600579,0.24251670602860972
299,e1-DVCS2 Hall B,5.879999999999999,2.4166666666666665,0.36486666666666673,-1.4036,-0.42003536,1.009408,0.045812346,0.018549398,1.1403302216729223,0.08023923009052966,0.610284725881726
303,e1-DVCS2 Hall B,5.879999999999999,3.0536086956521733,0.36465217391304355,-0.34195652173913044,-0.48250723,4.060749,0.029512636,0.025374215,0.1336144169378003,0.4048045988605894,0.26920950789919484
305,e1-DVCS2 Hall B,5.879999999999999,3.0394499999999995,0.36500000000000005,-0.6067,3.0841777,2.4987717,0.13844919,0.03327456,0.2792954788780183,0.2633375268061674,0.27131650284209285
313,e1-DVCS2 Hall B,5.88,2.5495,0.3995,-0.8785000000000001,0.7340106,1.8807906,0.089198075,0.062163424,1.4328756298649261,0.07865437899421784,0.755765004429572
320,e1-DVCS2 Hall B,5.88,3.25,0.39970588235294124,-0.8732941176470588,1.8081105,1.5831807,0.029283559,0.021150315,0.17236705652544795,0.0684657704319735,0.12041641347871072
321,e1-DVCS2 Hall B,5.879999999999999,3.2431333333333328,0.39926666666666677,-1.4042666666666668,-0.9564197,0.9498799,0.07398749,0.032078598,0.8863853205259224,0.10060367269243156,0.493494496609177
334,E12-06-114 Hall A,7.383,3.167,0.363,-0.210832279,-0.8266276,5.554928,0.013597709,0.0071377335,0.7283637828215866,0.24187279866407996,0.4851182907428333
335,E12-06-114 Hall A,7.383,3.169,0.363,-0.296641104,-1.0929576,4.3698187,0.010620222,0.037957106,0.5847836195027433,0.33952456245246215,0.46215409097760274
336,E12-06-114 Hall A,7.383,3.18,0.365,-0.384877942,-0.52279395,4.061617,0.043805577,0.0064269667,0.3708309037040031,0.38720555056001027,0.3790182271320067
337,E12-06-114 Hall A,7.383,3.1839999999999997,0.365,-0.47089589,0.23750293,4.1131587,0.19567083,0.017466096,0.4229425830728834,0.5293485290960235,0.4761455560844534
339,E12-06-114 Hall A,8.521,3.65,0.367,-0.20459426300000003,-0.8926283,5.1292152,0.012117518,0.03960688,0.18794518298898702,0.24546686043130295,0.21670602171014497
340,E12-06-114 Hall A,8.521,3.653,0.367,-0.265805007,-1.649923,4.4745827,0.036049575,0.01838243,0.2135043487446622,0.11538254966937266,0.16444344920701742
341,E12-06-114 Hall A,8.521,3.669,0.369,-0.330337229,-1.3022915,3.8572457,0.03414571,0.05736991,0.287438763115711,0.1057041714928492,0.1965714673042801
342,E12-06-114 Hall A,8.521,3.6779999999999995,0.36999999999999994,-0.39251536699999995,-1.0553861,3.8345892,0.07337198,0.013554031,0.3006884100820188,0.19379947064940284,0.24724394036571082
343,E12-06-114 Hall A,8.521,3.679,0.36999999999999994,-0.480519034,-0.50569165,4.018886,0.05741115,0.032357275,0.7498145095486425,0.9022171494333139,0.8260158294909782
344,E12-06-114 Hall A,10.591,4.532,0.369,-0.20942249999999998,-1.8250816,4.256547,0.03682052,0.029361486,0.08081628002471747,0.07754355942214691,0.07917991972343219
345,E12-06-114 Hall A,10.591,4.55,0.36999999999999994,-0.27194461,-2.263362,3.9269736,0.017549533,0.03563878,0.19396336553683227,0.11733246940907034,0.1556479174729513
346,E12-06-114 Hall A,10.591,4.574,0.37200000000000005,-0.335577073,-1.8455852,3.4843218,0.03609715,0.03233858,0.2733106207801317,0.1368984302827267,0.2051045255314292
347,E12-06-114 Hall A,10.591,4.585,0.373,-0.398799717,-1.343866,3.4576497,0.034183428,0.0133266905,0.2730540139509143,0.0671915204810684,0.17012276721599134
348,E12-06-114 Hall A,10.591,4.568,0.371,-0.483372835,-0.646175,3.709992,0.046569638,0.03358461,0.4588169110149071,0.1711877169882751,0.3150023140015911
349,E12-06-114 Hall A,4.487,2.7069999999999994,0.48299999999999993,-0.34805523,-1.9996189,5.1199856,0.15522704,0.015914002,0.09338307960870791,0.7634002068135656,0.42839164321113676
350,E12-06-114 Hall A,4.487,2.708,0.48299999999999993,-0.390576327,-2.3707757,4.6804705,0.13084404,0.042098917,0.13428210002118443,0.3641816597615808,0.24923187989138262
351,E12-06-114 Hall A,4.487,2.7129999999999996,0.484,-0.435055174,-2.4249642,4.3416433,0.15202045,0.061493006,0.14548446514482014,0.38198963482531884,0.26373704998506947
352,E12-06-114 Hall A,4.487,2.715,0.48500000000000004,-0.47977747,-2.3676112,4.094202,0.045685895,0.05956834,0.16318016183240336,0.41712855003706384,0.2901543559347336
354,E12-06-114 Hall A,8.851,4.497,0.49700000000000005,-0.40974398900000003,-0.49888402,4.3229656,0.11693641,0.047416262,0.03774293075880646,0.10515317321773114,0.0714480519882688
355,E12-06-114 Hall A,8.851,4.528,0.501,-0.479541698,-0.94088674,4.1538014,0.02609032,0.046562973,0.09225960591310851,0.0740210680709643,0.0831403369920364
356,E12-06-114 Hall A,8.851,4.558,0.504,-0.547491577,-0.9074727,3.87996,0.068106726,0.0427667,0.21130302756078181,0.0659193471054489,0.13861118733311537
359,E12-06-114 Hall A,8.847,5.331,0.482,-0.385372291,-0.24893878,2.9114137,0.057945624,0.09362538,0.027466301635596362,0.027301441858909137,0.02738387174725275
360,E12-06-114 Hall A,8.847,5.339000000000001,0.48299999999999993,-0.44559886900000006,-0.9960996,3.1769004,0.064996466,0.045688424,0.06274129085889923,0.0857144273042421,0.07422785908157067
361,E12-06-114 Hall A,8.847,5.36,0.48500000000000004,-0.508514038,-1.1641123,3.2965224,0.04605881,0.021372953,0.07247071825703368,0.07634684003064042,0.07440877914383705
362,E12-06-114 Hall A,8.847,5.3709999999999996,0.486,-0.56958964,-1.0160183,3.2778842,0.02338088,0.010415636,0.08904887881040464,0.1317370386670403,0.11039295873872249
363,E12-06-114 Hall A,8.847,5.3790000000000004,0.486,-0.654643764,-0.5366399,3.1346922,0.06270693,0.022074256,0.17887614913234703,0.34247292782032596,0.2606745384763365
364,E12-06-114 Hall A,10.991999999999999,7.044,0.494,-0.432560756,-1.1182132,2.3352017,0.03023546,0.01713318,0.12488820628205533,0.13993402335393426,0.13241111481799478
365,E12-06-114 Hall A,10.991999999999999,7.093,0.498,-0.525571333,-1.3779409,2.8997312,0.023107765,0.04108485,0.03396430244079693,0.06017479474896281,0.04706954859487987
366,E12-06-114 Hall A,10.991999999999999,7.114999999999999,0.49899999999999994,-0.612896976,-1.1606295,2.9984665,0.053448994,0.021816045,0.09302295431787855,0.03739348127151685,0.0652082177946977
367,E12-06-114 Hall A,10.991999999999999,7.105999999999999,0.49899999999999994,-0.697854847,-0.8346647,2.9097564,0.08225741,0.035211813,0.14309935159916173,0.1267354263823951,0.13491738899077843
368,E12-06-114 Hall A,10.991999999999997,7.102000000000001,0.4979999999999998,-0.8556131640000002,0.049718827,2.8573856,0.057862222,0.011295017,0.3140879690092665,0.520869412151288,0.41747869058027726
369,E12-06-114 Hall A,8.521,5.604,0.61,-0.764596036,-0.0796414,2.9034963,0.044284042,0.012942136,0.0973721805081653,0.0159445383626622,0.05665835943541375
370,E12-06-114 Hall A,8.521,5.617,0.612,-0.904134479,-0.38827902,2.7494762,0.057314306,0.00635812,0.4324218377057125,0.057164734190569534,0.24479328594814104
371,E12-06-114 Hall A,8.521,5.638000000000001,0.615,-1.048158824,-0.2508144,2.6025991,0.029750701,0.0020269768,0.44894091458166274,0.1596658932499316,0.3043034039157972
372,E12-06-114 Hall A,8.521,5.653,0.617,-1.189621856,0.11923531,2.4561374,0.062221605,0.0045849904,0.3522421875323029,0.1510580138090637,0.2516501006706833
373,E12-06-114 Hall A,8.521,5.659,0.616,-1.37317495,0.6896912,2.2227,0.04389813,0.013089072,0.3674988380550046,0.0865449398032236,0.2270218889291141
374,E12-06-114 Hall A,10.591,8.44,0.608,-0.791098587,-0.020261765,2.907333,0.026277449,0.006562064,0.018113024391886997,0.1350103764350887,0.07656170041348785
375,E12-06-114 Hall A,10.591,8.453,0.609,-0.91206632,-0.37411577,2.7356827,0.027055912,0.00924959,0.21660248888349817,0.2653334517613238,0.24096797032241096
376,E12-06-114 Hall A,10.591,8.481,0.611,-1.037086159,-0.40436023,2.546562,0.015380619,0.011305644,0.3174372470067301,0.3383455732077552,0.32789141010724265
377,E12-06-114 Hall A,10.591,8.501,0.613,-1.163107259,-0.21308158,2.4267201,0.067156985,0.010409248,0.3040174100796742,0.2604546317766331,0.28223602092815364
378,E12-06-114 Hall A,10.591,8.513,0.613,-1.328234507,0.37202755,2.3328557,0.03979139,0.00315023,0.2883287142085468,0.4598362170006271,0.3740824656045869
