set,experiment,n_common,k,q_squared,x_b,t,xsec_surrogate_chi2,diff_surrogate_chi2,max_phi_gap_deg,both_phi_signs,interpolation_selected,interpolation_exclusion_reason,local_bkm_chi2,local_bkm_chi2_xsec,local_bkm_chi2_diff,local_jac_condition,extraction_selected,extraction_exclusion_reason
1,E07-007 Hall A,12,5.55,1.51,0.359,-0.17999999999999997,0.436770154003965,0.8306585449262722,30.000000000000018,True,True,,1.4198422837729776,0.8419149494273079,1.9977696181186477,2.7057420308805247,True,
2,E07-007 Hall A,12,5.55,1.51,0.359,-0.23700000000000002,1.1985811380884501,0.3077358763406215,30.000000000000018,True,True,,1.9565604750391958,2.2003894697958972,1.7127314802824942,2.412567591062282,True,
3,E07-007 Hall A,12,5.55,1.5199999999999998,0.36099999999999993,-0.298,0.922204927413774,0.3129446389295286,30.000000000000018,True,True,,1.9282006349671381,2.3973138751239067,1.4590873948103689,2.753705077668964,True,
4,E07-007 Hall A,24,5.55,1.74,0.359,-0.18299999999999997,1.1694930942444397,0.6519146387420284,15.000000000000009,True,True,,1.9829513940284074,1.0211403995812447,2.9447623884755694,2.306337484740171,True,
5,E07-007 Hall A,24,5.55,1.74,0.359,-0.242,0.5636806648883206,0.47032431157791654,15.000000000000009,True,True,,2.8825144446720827,2.8097173555476105,2.9553115337965554,2.111956126296028,False,H_dominance_BKM_closure
6,E07-007 Hall A,24,5.55,1.74,0.359,-0.302,0.8129437271426978,0.39803881095260624,15.000000000000009,True,True,,3.7167247647835446,4.1602576200153,3.2731919095517887,2.376849205936554,False,H_dominance_BKM_closure
7,E07-007 Hall A,24,5.55,1.75,0.361,-0.363,1.6611965849348724,0.4112511007411242,15.000000000000009,True,True,,3.74512057608553,4.37345082387579,3.11679032829527,2.7294919445321875,False,H_dominance_BKM_closure
8,E07-007 Hall A,24,5.55,1.9799999999999998,0.357,-0.18200000000000002,0.6775751690905016,0.46288364864622905,15.000000000000009,True,True,,0.35894823045009394,0.2663644968091306,0.4515319640910573,1.9138223299472463,True,
9,E07-007 Hall A,24,5.55,1.9799999999999998,0.35600000000000004,-0.242,0.5122679303675935,1.056466318155628,15.000000000000009,True,True,,0.6754198590699212,0.7800821166608595,0.5707576014789829,1.7823999523310627,True,
10,E07-007 Hall A,24,5.55,1.9799999999999998,0.35600000000000004,-0.302,1.3372833499385,0.4623622149275403,15.000000000000009,True,True,,0.9733630808420037,1.1462375046657665,0.8004886570182407,2.1119381525805307,True,
11,E07-007 Hall A,24,5.55,1.99,0.35799999999999993,-0.363,0.699566474795344,0.44997523468272566,15.000000000000009,True,True,,1.1783480310684231,1.3337809149418087,1.0229151471950373,2.426574081269239,True,
12,E07-007 Hall A,12,3.354999999999999,1.49,0.35700000000000004,-0.17700000000000002,0.3422708070736376,0.5609114457990101,30.000000000000018,True,True,,2.947614283429836,2.7646638678911533,3.13056469896852,1.3605302446331209,False,H_dominance_BKM_closure
13,E07-007 Hall A,12,3.354999999999999,1.5,0.359,-0.2359999999999999,0.8371185346068378,0.3518602338990405,30.000000000000018,True,True,,2.623997378687421,4.826402127003696,0.42159263037114597,1.6862962981685015,False,H_dominance_BKM_closure
14,E07-007 Hall A,10,3.3549999999999995,1.5,0.36,-0.29599999999999993,0.2177200004984457,0.3425453750133844,90.0,True,False,too_few_common_phi_points,,,,,False,
15,E07-007 Hall A,24,4.455,1.74,0.357,-0.18099999999999997,0.5820960972435064,0.6973815021603,15.000000000000009,True,True,,1.665243005746358,0.9197200849325364,2.4107659265601793,1.782144042892744,True,
16,E07-007 Hall A,24,4.455,1.74,0.357,-0.24,1.1704424911467768,0.5283990056341021,15.000000000000009,True,True,,2.7599437941180565,2.247387645085158,3.2724999431509545,1.8637570023112187,False,H_dominance_BKM_closure
17,E07-007 Hall A,24,4.455,1.74,0.35799999999999993,-0.301,0.6934784084408401,0.6833745369947465,15.000000000000009,True,True,,2.794295097926805,2.979945972168815,2.608644223684795,2.1233003342984267,False,H_dominance_BKM_closure
18,E07-007 Hall A,24,4.455,1.76,0.361,-0.363,0.9402845873786504,0.4459072692898067,15.000000000000009,True,True,,2.802862171433499,3.104754185731521,2.500970157135477,2.394731764611367,False,H_dominance_BKM_closure
23,e1-DVCS1 Hall B,16,5.75,1.11,0.126,-0.11,1.8594784246053133,1.4641852801922266,136.65999999999997,True,False,angular_gap_too_large,,,,,False,
24,e1-DVCS1 Hall B,16,5.75,1.11,0.126,-0.15,0.8982731437815665,0.8659004156427799,136.24000000000004,True,False,angular_gap_too_large,,,,,False,
25,e1-DVCS1 Hall B,16,5.75,1.11,0.126,-0.2,1.0787980720999286,0.7392419589130297,135.06,True,False,angular_gap_too_large,,,,,False,
26,e1-DVCS1 Hall B,18,5.75,1.11,0.126,-0.26,0.5830701433268273,0.8930803451105963,110.82000000000002,True,False,angular_gap_too_large,,,,,False,
27,e1-DVCS1 Hall B,18,5.75,1.11,0.126,-0.34,0.6971454630689199,1.037548034209089,106.52,True,False,angular_gap_too_large,,,,,False,
28,e1-DVCS1 Hall B,19,5.75,1.11,0.12599999999999997,-0.44999999999999996,0.8571280685918806,1.0186087774320403,93.38999999999999,True,False,angular_gap_too_large,,,,,False,
29,e1-DVCS1 Hall B,20,5.75,1.27,0.15399999999999997,-0.11000000000000001,0.5292180090756532,1.0162403052517852,78.98000000000002,True,True,,0.13727811383596816,0.2421594425227979,0.03239678514913846,1.4227838273091538,True,
30,e1-DVCS1 Hall B,18,5.75,1.27,0.154,-0.15,0.6322785606717862,0.6281508317396581,106.36,True,False,angular_gap_too_large,,,,,False,
31,e1-DVCS1 Hall B,18,5.75,1.27,0.154,-0.20000000000000004,0.6392068089113407,1.0312529449771553,106.05999999999997,True,False,angular_gap_too_large,,,,,False,
32,e1-DVCS1 Hall B,18,5.75,1.27,0.154,-0.26,0.7180554595170535,1.0343638693732493,104.77999999999997,True,False,angular_gap_too_large,,,,,False,
33,e1-DVCS1 Hall B,18,5.75,1.27,0.154,-0.34,1.1095453656809453,1.3645549366071275,103.60000000000002,True,False,angular_gap_too_large,,,,,False,
34,e1-DVCS1 Hall B,20,5.75,1.27,0.15399999999999997,-0.4499999999999999,1.024484105773836,0.471235296011238,82.17999999999998,True,True,,0.5258770256820143,1.0027343665361452,0.04901968482788317,2.8171358369160298,True,
35,e1-DVCS1 Hall B,16,5.75,1.39,0.155,-0.11,0.977188859713735,0.974952651171791,136.82000000000005,True,False,angular_gap_too_large,,,,,False,
36,e1-DVCS1 Hall B,16,5.75,1.39,0.155,-0.15,0.7476597588846008,0.38908049669581696,136.12,True,False,angular_gap_too_large,,,,,False,
37,e1-DVCS1 Hall B,16,5.75,1.39,0.155,-0.2,0.5198489363335308,1.1835362495132107,134.64,True,False,angular_gap_too_large,,,,,False,
38,e1-DVCS1 Hall B,16,5.75,1.39,0.155,-0.26,1.1822447377947631,1.260617214578719,133.84000000000003,True,False,angular_gap_too_large,,,,,False,
39,e1-DVCS1 Hall B,18,5.75,1.39,0.15499999999999997,-0.34,0.6647755455846246,1.2567096338825323,108.15999999999998,True,False,angular_gap_too_large,,,,,False,
40,e1-DVCS1 Hall B,18,5.75,1.39,0.15499999999999997,-0.44999999999999996,0.7364952107882333,1.2235300963927989,103.94000000000003,True,False,angular_gap_too_large,,,,,False,
41,e1-DVCS1 Hall B,24,5.75,1.45,0.18400000000000002,-0.11,0.5614436108573243,0.7297642328498748,15.70000000000001,True,True,,0.06673864164804715,0.042159332555670094,0.09131795074042419,1.4325089523950467,True,
42,e1-DVCS1 Hall B,22,5.75,1.4499999999999997,0.18400000000000005,-0.14999999999999997,1.070062955744157,1.1750748772204451,48.539999999999985,True,True,,0.08169613638171068,0.05798492123384531,0.10540735152957605,1.7037310676496882,True,
43,e1-DVCS1 Hall B,20,5.75,1.4499999999999997,0.18400000000000002,-0.20000000000000004,0.8484192153339706,1.0220624748183145,77.84000000000003,True,True,,0.1157947009544356,0.13178932790436146,0.09980007400450981,1.7672509231053304,True,
44,e1-DVCS1 Hall B,20,5.75,1.4499999999999997,0.18400000000000002,-0.25999999999999995,0.7133016483839497,0.9096552282395036,79.65999999999997,True,True,,0.22100414127742035,0.3222490535293851,0.11975922902545558,2.117616160873379,True,
45,e1-DVCS1 Hall B,20,5.75,1.4499999999999997,0.18400000000000002,-0.33999999999999997,1.8021202211032523,1.5301738678565275,80.82000000000002,True,True,,0.45093747985535704,0.7951124207898935,0.10676253892082048,2.3710070838557393,True,
46,e1-DVCS1 Hall B,17,5.75,1.45,0.184,-0.45,0.8477725886532815,1.4568205779593122,79.38,True,True,,0.9051469488063862,1.6960368195336804,0.11425707807909219,2.3304146692414487,True,
47,e1-DVCS1 Hall B,18,5.75,1.62,0.185,-0.11000000000000001,0.5870853188489292,0.49736458276230977,106.27999999999997,True,False,angular_gap_too_large,,,,,False,
48,e1-DVCS1 Hall B,18,5.75,1.63,0.185,-0.15,0.9922522745247809,0.5003045559598305,107.13999999999999,True,False,angular_gap_too_large,,,,,False,
49,e1-DVCS1 Hall B,18,5.75,1.63,0.185,-0.20000000000000004,0.629866243911268,0.6187495844523792,108.05999999999999,True,False,angular_gap_too_large,,,,,False,
50,e1-DVCS1 Hall B,18,5.75,1.63,0.185,-0.26,0.6475525857483349,1.1450487397376292,107.51999999999998,True,False,angular_gap_too_large,,,,,False,
51,e1-DVCS1 Hall B,18,5.75,1.63,0.185,-0.34,0.8061443223461069,1.3034693179527361,106.10000000000002,True,False,angular_gap_too_large,,,,,False,
52,e1-DVCS1 Hall B,18,5.75,1.63,0.185,-0.44999999999999996,0.9414904677676716,0.5574975690958293,103.88,True,False,angular_gap_too_large,,,,,False,
53,e1-DVCS1 Hall B,24,5.75,1.64,0.214,-0.11,1.1898691872425724,0.9994972973126788,15.079999999999927,True,True,,0.1658466343695175,0.1769980640934561,0.15469520464557884,1.3058779126162083,True,
54,e1-DVCS1 Hall B,24,5.75,1.64,0.214,-0.15,0.9751560849084647,0.4373907064997245,15.420000000000039,True,True,,0.1200746661274887,0.049730927113022565,0.19041840514195485,1.547546665638457,True,
55,e1-DVCS1 Hall B,24,5.75,1.64,0.214,-0.20000000000000004,0.7666951046140097,0.7264654052977759,16.519999999999975,True,True,,0.18891533730342472,0.20070233216751476,0.1771283424393347,1.7832302512455442,True,
56,e1-DVCS1 Hall B,22,5.75,1.64,0.21400000000000005,-0.25999999999999995,0.8967557703474287,0.6142149249882277,50.380000000000045,True,True,,0.2805258357135194,0.33690098208658353,0.22415068934045534,2.0730876830361376,True,
57,e1-DVCS1 Hall B,19,5.75,1.64,0.214,-0.34,0.2949182694836202,1.0267507742124027,75.94000000000004,True,True,,0.47105486495302734,0.7327656332032513,0.2093440967028037,2.173066713058111,True,
58,e1-DVCS1 Hall B,15,5.75,1.6400000000000001,0.214,-0.45000000000000007,1.0531872994658316,1.5365305283377102,90.47999999999998,True,False,angular_gap_too_large,,,,,False,
59,e1-DVCS1 Hall B,21,5.75,1.8800000000000001,0.215,-0.11,1.458371252982487,0.8319023135648723,46.32000000000007,True,True,,0.10535415533766362,0.14594351416002083,0.06476479651530642,1.7702924082444316,True,
60,e1-DVCS1 Hall B,20,5.75,1.8800000000000001,0.215,-0.14999999999999997,0.5570198060716456,0.7188460759199102,77.96000000000001,True,True,,0.1915543755901563,0.30481909805493496,0.07828965312537768,1.5922330397005946,True,
61,e1-DVCS1 Hall B,18,5.75,1.88,0.21499999999999997,-0.20000000000000004,0.6359416416286648,1.0805465411979442,106.27999999999997,True,False,angular_gap_too_large,,,,,False,
62,e1-DVCS1 Hall B,18,5.75,1.88,0.21499999999999997,-0.26,0.4543628692950661,0.45558801350883765,106.10000000000002,True,False,angular_gap_too_large,,,,,False,
63,e1-DVCS1 Hall B,18,5.75,1.88,0.21499999999999997,-0.34,0.46565245361341595,0.7370324718568866,105.44000000000001,True,False,angular_gap_too_large,,,,,False,
64,e1-DVCS1 Hall B,19,5.75,1.88,0.215,-0.44999999999999996,0.6431813543449729,1.7155540058618302,94.20000000000002,True,False,angular_gap_too_large,,,,,False,
65,e1-DVCS1 Hall B,19,5.75,1.7899999999999998,0.24399999999999997,-0.11000000000000001,0.9376025982884603,0.6536832918425672,90.36000000000003,True,False,angular_gap_too_large,,,,,False,
66,e1-DVCS1 Hall B,24,5.75,1.79,0.244,-0.15,0.4069907392152003,0.8618407317830296,15.079999999999927,True,True,,0.0798139927858808,0.048494127908585205,0.11113385766317642,1.3646494187437725,True,
67,e1-DVCS1 Hall B,23,5.75,1.7899999999999998,0.24399999999999994,-0.20000000000000007,1.0519596996744425,0.9288402797880642,30.14999999999998,True,True,,0.10420262246991122,0.07048467044784294,0.13792057449197948,1.6509595399182992,True,
68,e1-DVCS1 Hall B,24,5.75,1.79,0.244,-0.26,0.585103224470901,0.965325079379132,15.880000000000049,True,True,,0.20753646729584094,0.24461155411515537,0.17046138047652648,1.7348337985479871,True,
69,e1-DVCS1 Hall B,19,5.75,1.7999999999999998,0.24399999999999997,-0.34,0.805409759114899,0.8077168444299682,48.420000000000044,True,True,,0.40680215394036096,0.6052109307549587,0.2083933771257632,2.1013588591993906,True,
70,e1-DVCS1 Hall B,13,5.75,1.8000000000000003,0.2439999999999999,-0.45000000000000007,0.708316371818058,1.2350975651524534,120.63999999999997,True,False,angular_gap_too_large,,,,,False,
71,e1-DVCS1 Hall B,24,5.75,2.12,0.244,-0.11,1.5584292408000484,0.7425937028606829,15.079999999999956,True,True,,1.4835731590557941,2.853986819914842,0.1131594981967466,1.3723540842767126,True,
72,e1-DVCS1 Hall B,24,5.75,2.12,0.245,-0.15,0.8377166268881298,1.0588012597797167,15.340000000000055,True,True,,0.12369129452291146,0.17043653975152276,0.07694604929430014,1.659386475855753,True,
73,e1-DVCS1 Hall B,20,5.75,2.1199999999999997,0.24500000000000002,-0.20000000000000004,0.5683886480926316,0.8109609375295725,76.34000000000003,True,True,,0.25951340590558464,0.37426995226057047,0.1447568595505989,2.014180346025426,True,
74,e1-DVCS1 Hall B,20,5.75,2.1199999999999997,0.24500000000000002,-0.25999999999999995,0.32216089600020464,1.347365102259243,77.74000000000001,True,True,,0.43048872955615175,0.6658129361060774,0.19516452300622622,2.0475829283485543,True,
75,e1-DVCS1 Hall B,20,5.75,2.1199999999999997,0.24500000000000002,-0.33999999999999997,0.8068276344120227,0.5219954499701464,79.98000000000002,True,True,,0.3875983544535605,0.6061219762649819,0.1690747326421393,2.1459190868085587,True,
76,e1-DVCS1 Hall B,19,5.75,2.1199999999999997,0.24500000000000002,-0.44999999999999996,0.8219859177506477,1.4593093872686536,92.60999999999999,True,False,angular_gap_too_large,,,,,False,
77,e1-DVCS1 Hall B,14,5.75,1.9400000000000006,0.274,-0.11000000000000003,1.5221695925489882,0.7946785671991438,165.44000000000005,True,False,angular_gap_too_large,,,,,False,
78,e1-DVCS1 Hall B,16,5.75,1.94,0.274,-0.15,0.5373192605719304,1.2556017904375851,135.51999999999992,True,False,angular_gap_too_large,,,,,False,
79,e1-DVCS1 Hall B,22,5.75,1.9399999999999993,0.274,-0.20000000000000007,0.7886819836139961,0.9397762267060416,30.14999999999998,True,True,,0.029402582117871653,0.011295144401419576,0.04751001983432372,1.2446904365411187,True,
80,e1-DVCS1 Hall B,19,5.75,1.9399999999999995,0.274,-0.25999999999999995,0.6969378777706522,0.5450673126244358,90.44000000000003,True,False,angular_gap_too_large,,,,,False,
81,e1-DVCS1 Hall B,18,5.75,1.9399999999999997,0.2750000000000001,-0.34,0.7511936786050405,0.5661509784423514,105.51999999999998,True,False,angular_gap_too_large,,,,,False,
82,e1-DVCS1 Hall B,14,5.75,1.9400000000000006,0.27499999999999997,-0.45000000000000007,0.7650827390431811,0.5968655332532773,135.72,True,False,angular_gap_too_large,,,,,False,
83,e1-DVCS1 Hall B,13,5.75,2.3500000000000005,0.274,-0.11000000000000003,2.92750228515088,0.8727818090598789,180.40999999999997,True,False,angular_gap_too_large;xsec_surrogate_closure,,,,,False,
84,e1-DVCS1 Hall B,16,5.75,2.35,0.275,-0.15,2.8725201196954977,1.52023276687013,135.48000000000002,True,False,angular_gap_too_large;xsec_surrogate_closure,,,,,False,
85,e1-DVCS1 Hall B,23,5.75,2.3500000000000005,0.27500000000000013,-0.20000000000000007,0.8968075963998835,0.7825141945852173,30.119999999999983,True,True,,0.06050989755984975,0.03997264347417988,0.08104715164551961,1.7021648105964584,True,
86,e1-DVCS1 Hall B,22,5.75,2.3500000000000005,0.27500000000000013,-0.25999999999999995,0.47644461775134983,0.835828573067537,46.63999999999992,True,True,,0.16546570825677398,0.1619479010452292,0.1689835154683188,2.44172717847026,True,
87,e1-DVCS1 Hall B,20,5.75,2.3500000000000005,0.2750000000000001,-0.33999999999999997,0.9017414259226536,0.7446959625249614,76.32000000000002,True,True,,0.16678196128791256,0.1768167268261778,0.15674719574964732,2.169401039687242,True,
88,e1-DVCS1 Hall B,20,5.75,2.3500000000000005,0.2750000000000001,-0.4499999999999999,0.6431464528923285,1.635398855933489,77.60000000000002,True,True,,0.24585929747084587,0.37288986682693614,0.1188287281147556,2.3490730489452867,True,
89,e1-DVCS1 Hall B,8,5.75,2.08,0.301,-0.12,0.32152393935345447,0.385416240627794,255.26,True,False,too_few_common_phi_points;angular_gap_too_large,,,,,False,
90,e1-DVCS1 Hall B,12,5.75,2.1000000000000005,0.30399999999999994,-0.14999999999999997,0.29568813717375403,0.8314328266275594,195.51999999999995,True,False,angular_gap_too_large,,,,,False,
91,e1-DVCS1 Hall B,21,5.75,2.1000000000000005,0.30400000000000005,-0.20000000000000004,0.2608682158334605,0.6391510243751767,45.20000000000004,True,True,,0.01596732001829217,0.001761478809619632,0.030173161226964715,1.122571023179247,True,
92,e1-DVCS1 Hall B,17,5.75,2.1,0.304,-0.26,1.07580742170335,0.3485774005057798,120.53999999999998,True,False,angular_gap_too_large,,,,,False,
93,e1-DVCS1 Hall B,15,5.75,2.1000000000000005,0.304,-0.33999999999999997,0.5860100218383184,0.8156137068933363,150.70999999999998,True,False,angular_gap_too_large,,,,,False,
94,e1-DVCS1 Hall B,14,5.75,2.1000000000000005,0.30500000000000005,-0.45000000000000007,0.9016310686154166,1.100186867588782,165.84000000000003,True,False,angular_gap_too_large,,,,,False,
95,e1-DVCS1 Hall B,2,5.75,2.56,0.301,-0.12,0.2193593901262178,0.24383270891818312,345.03000000000003,False,False,too_few_common_phi_points;does_not_cover_both_phi_signs;angular_gap_too_large,,,,,False,
96,e1-DVCS1 Hall B,12,5.75,2.5799999999999996,0.30399999999999994,-0.14999999999999997,3.8549321262824496,0.6428977939216107,195.49999999999997,True,False,angular_gap_too_large;xsec_surrogate_closure,,,,,False,
97,e1-DVCS1 Hall B,24,5.75,2.58,0.304,-0.20000000000000004,0.7476588376181134,1.0101980456610031,15.060000000000056,True,True,,0.2880859369754123,0.48860352694048087,0.0875683470103437,1.270510951943175,True,
98,e1-DVCS1 Hall B,24,5.75,2.58,0.305,-0.26,0.5041761604935692,1.2113801118665501,15.360000000000069,True,True,,0.06229611582643394,0.028940999040785547,0.09565123261208235,1.776893454958704,True,
99,e1-DVCS1 Hall B,22,5.75,2.5799999999999996,0.30499999999999994,-0.33999999999999997,0.6664728391605534,0.8661816831315232,46.98000000000001,True,True,,0.11804757268036453,0.10104576050475739,0.13504938485597173,2.3791191162093295,True,
100,e1-DVCS1 Hall B,20,5.75,2.5799999999999996,0.30499999999999994,-0.4499999999999999,0.815961634079591,1.0189387984066645,76.36000000000003,True,True,,0.09571458701567898,0.09081699056964425,0.1006121834617137,2.2029084790846207,True,
101,e1-DVCS1 Hall B,8,5.75,2.22,0.333,-0.16,0.703965363795808,0.9331580195978086,255.32,True,False,too_few_common_phi_points;angular_gap_too_large,,,,,False,
102,e1-DVCS1 Hall B,16,5.75,2.23,0.335,-0.2,0.9068345149219662,1.7083768942746522,120.43999999999998,True,False,angular_gap_too_large,,,,,False,
103,e1-DVCS1 Hall B,15,5.75,2.23,0.335,-0.2599999999999999,0.5862359268257414,0.7574934906242791,120.49000000000004,True,False,angular_gap_too_large,,,,,False,
104,e1-DVCS1 Hall B,12,5.75,2.23,0.335,-0.34,0.3655197788121732,1.379822791244495,195.84000000000003,True,False,angular_gap_too_large,,,,,False,
105,e1-DVCS1 Hall B,13,5.75,2.23,0.335,-0.45000000000000007,0.8759617319129547,1.019911518364748,180.88,True,False,angular_gap_too_large,,,,,False,
106,e1-DVCS1 Hall B,4,5.75,2.77,0.333,-0.16,1.1501822093175451,0.8130285472647287,300.2099999999999,True,False,too_few_common_phi_points;angular_gap_too_large,,,,,False,
107,e1-DVCS1 Hall B,24,5.75,2.78,0.335,-0.20000000000000004,0.7838291202621207,0.7869668705846641,15.06000000000008,True,True,,0.1913957126815744,0.3431552045719193,0.039636220791229575,1.1161458411173524,True,
108,e1-DVCS1 Hall B,24,5.75,2.78,0.335,-0.26,0.5074906738684463,0.9271007484521036,15.200000000000012,True,True,,0.03249420737268711,0.005533597627507172,0.05945481711786705,1.3820558100873515,True,
109,e1-DVCS1 Hall B,24,5.75,2.78,0.335,-0.34,0.5059380135744419,0.8265591548537675,15.440000000000026,True,True,,0.06337536872420994,0.04503512065570412,0.08171561679271577,1.6196850675462968,True,
110,e1-DVCS1 Hall B,22,5.75,2.7800000000000002,0.335,-0.44999999999999984,0.254061072919809,1.2407226459518326,46.86000000000007,True,True,,0.1080642079687331,0.09277122605076671,0.12335718988669947,2.39100232623554,True,
111,e1-DVCS1 Hall B,15,5.75,2.3500000000000005,0.3650000000000001,-0.20000000000000007,0.7340669134869703,0.7112092278824298,150.38,True,False,angular_gap_too_large,,,,,False,
112,e1-DVCS1 Hall B,15,5.75,2.3500000000000005,0.3650000000000001,-0.2599999999999999,0.6568052878777515,0.5315329245119893,150.52,True,False,angular_gap_too_large,,,,,False,
113,e1-DVCS1 Hall B,13,5.75,2.3500000000000005,0.3650000000000001,-0.33999999999999997,0.5928520529589737,0.7516762492510515,180.71,True,False,angular_gap_too_large,,,,,False,
114,e1-DVCS1 Hall B,11,5.75,2.3500000000000005,0.36500000000000005,-0.45,1.0981582688194997,1.1684761510651358,210.94999999999996,True,False,too_few_common_phi_points;angular_gap_too_large,,,,,False,
115,e1-DVCS1 Hall B,17,5.75,2.97,0.364,-0.2,0.9403163701585202,0.507136741168379,120.28999999999995,True,False,angular_gap_too_large,,,,,False,
116,e1-DVCS1 Hall B,20,5.75,2.9699999999999998,0.36500000000000005,-0.25999999999999995,0.6359183601108672,0.9383682087735256,60.199999999999996,True,True,,0.016661701062934374,0.01989070347859103,0.013432698647277716,1.2241092068278359,True,
117,e1-DVCS1 Hall B,24,5.75,2.97,0.365,-0.34,0.6207504772550302,1.0484937847643871,15.060000000000056,True,True,,0.04031528380611853,0.01907619672931223,0.061554370882924835,1.5271313220796428,True,
118,e1-DVCS1 Hall B,23,5.75,2.97,0.36500000000000005,-0.44999999999999984,0.7547405393194325,1.3316969171141044,30.139999999999983,True,True,,0.09146485335089624,0.08094634672667701,0.10198335997511547,1.7049013921473595,True,
119,e1-DVCS1 Hall B,7,5.75,2.44,0.39300000000000007,-0.21,0.2610970872671744,0.7532533362487196,255.22,True,False,too_few_common_phi_points;angular_gap_too_large,,,,,False,
120,e1-DVCS1 Hall B,12,5.75,2.48,0.4000000000000001,-0.25999999999999995,0.41144221063703595,1.1533515182489054,195.44,True,False,angular_gap_too_large,,,,,False,
121,e1-DVCS1 Hall B,11,5.75,2.48,0.399,-0.33999999999999997,1.1428205432964609,1.1906584315273687,210.66,True,False,too_few_common_phi_points;angular_gap_too_large,,,,,False,
122,e1-DVCS1 Hall B,10,5.75,2.48,0.399,-0.45,0.18282074492811698,0.6595994871456914,225.88,True,False,too_few_common_phi_points;angular_gap_too_large,,,,,False,
123,e1-DVCS1 Hall B,11,5.75,3.12,0.391,-0.21,0.5244158326970235,1.392691344779197,210.22000000000003,True,False,too_few_common_phi_points;angular_gap_too_large,,,,,False,
124,e1-DVCS1 Hall B,16,5.75,3.18,0.399,-0.26,0.6563246170336726,0.7469254726915735,135.32,True,False,angular_gap_too_large,,,,,False,
125,e1-DVCS1 Hall B,21,5.75,3.18,0.4000000000000001,-0.33999999999999997,0.44951212586892664,0.9582603004840002,45.13999999999999,True,True,,0.04226446830912729,0.04987752571896637,0.034651410899288214,1.2432292650423435,True,
126,e1-DVCS1 Hall B,22,5.75,3.18,0.40000000000000013,-0.44999999999999984,0.45571961147851087,0.880062641029883,30.129999999999985,True,True,,0.07661348425252837,0.06954599924959261,0.08368096925546417,1.4053414682197847,True,
127,e1-DVCS1 Hall B,9,5.75,2.81,0.433,-0.27,1.4611330267338873,0.6507684135340901,225.23,True,False,too_few_common_phi_points;angular_gap_too_large,,,,,False,
128,e1-DVCS1 Hall B,10,5.75,2.96,0.449,-0.33999999999999997,1.3740203058138165,0.6745518975022988,195.38999999999996,True,False,too_few_common_phi_points;angular_gap_too_large,,,,,False,
129,e1-DVCS1 Hall B,14,5.75,3.0499999999999994,0.46100000000000013,-0.45000000000000007,1.4871460670820302,0.6553974748573811,165.49999999999997,True,False,angular_gap_too_large,,,,,False,
130,e1-DVCS1 Hall B,12,5.75,3.5,0.42999999999999994,-0.2800000000000001,0.6854720902692519,0.5803276918517716,195.23000000000002,True,False,angular_gap_too_large,,,,,False,
131,e1-DVCS1 Hall B,15,5.75,3.6300000000000012,0.45099999999999985,-0.33999999999999997,0.4986133996476801,0.7513343626450776,150.29999999999993,True,False,angular_gap_too_large,,,,,False,
132,e1-DVCS1 Hall B,16,5.75,3.77,0.475,-0.45,0.8405806807683175,0.6061124180657831,135.33999999999997,True,False,angular_gap_too_large,,,,,False,
138,E00-110 Hall A,24,5.7572,1.82,0.343,-0.17200000000000001,0.8033038325607526,0.35222671689669466,15.000000000000009,True,True,,0.5390717072011343,0.7922192242086249,0.28592419019364373,1.8404919072207142,True,
139,E00-110 Hall A,24,5.7572,1.933,0.36800000000000005,-0.232,0.841428798586059,0.49087353965375896,15.000000000000009,True,True,,0.6549819143451717,1.031047975397003,0.2789158532933404,2.272344163351272,True,
140,E00-110 Hall A,24,5.7572,1.9639999999999997,0.375,-0.278,0.6577741002101382,0.6800347639864818,15.000000000000009,True,True,,0.6640964080260753,0.9723332617577817,0.35585955429436894,2.3579547567599213,True,
141,E00-110 Hall A,24,5.7572,1.986,0.379,-0.323,0.7840853729568072,1.3302313086235333,15.000000000000009,True,True,,0.5904238357743874,0.721107932881815,0.4597397386669598,3.2052799219734536,True,
142,E00-110 Hall A,24,5.7572,1.9989999999999999,0.381,-0.371,1.1216336840210317,0.5373133284804921,15.000000000000009,True,True,,0.4675992577778943,0.4886606127205894,0.4465379028351992,3.7808397019289974,True,
143,E00-110 Hall A,24,5.7572,2.012,0.37799999999999995,-0.19200000000000003,0.44722392774905684,0.7118522374598325,15.000000000000009,True,True,,0.07238295468576245,0.04719199125294506,0.09757391811857984,2.9330956554505443,True,
144,E00-110 Hall A,24,5.7572,2.054,0.39200000000000007,-0.233,0.7151590381458489,0.7205913439805475,15.000000000000009,True,True,,0.16305894550821082,0.18920883274578695,0.1369090582706347,2.2090644540966133,True,
145,E00-110 Hall A,24,5.7572,2.074,0.39799999999999996,-0.279,0.7579897041134718,0.4300600283111338,15.000000000000009,True,True,,0.1871742896019661,0.2942586099441252,0.08008996925980699,1.9730809448359323,True,
146,E00-110 Hall A,24,5.7572,2.084,0.4000000000000001,-0.324,0.79731782179286,0.6561185475572482,15.000000000000009,True,True,,0.2350185838866765,0.3090777252077629,0.16095944256559017,2.526690056757373,True,
147,E00-110 Hall A,24,5.7572,2.091,0.401,-0.371,0.5781155943777323,0.5151847746014117,15.000000000000009,True,True,,0.24498672234157862,0.251271075116752,0.23870236956640523,2.855110726840936,True,
148,E00-110 Hall A,24,5.7572,2.161,0.336,-0.171,1.3834576709154731,0.7022562239372885,15.000000000000009,True,True,,0.15661393365794177,0.2532925670448403,0.05993530027104324,1.2135679270253081,True,
149,E00-110 Hall A,24,5.7572,2.19,0.342,-0.231,1.301712568005011,1.1588575568913229,15.000000000000009,True,True,,0.22146396665675017,0.26391635090222515,0.17901158241127516,1.8718744667607201,True,
150,E00-110 Hall A,20,5.757199999999999,2.1910000000000003,0.34199999999999997,-0.32399999999999995,1.5449378003191074,0.8177618943350646,75.0,True,True,,0.23119866146209142,0.15678782193918514,0.3056095009849977,3.483607011598064,True,
151,E00-110 Hall A,20,5.757199999999999,2.1929999999999996,0.34199999999999997,-0.3710000000000001,0.5515899690552475,0.8478117008228656,75.0,True,True,,0.22319440825332132,0.10032052358581237,0.3460682929208302,4.672826348905163,True,
152,E00-110 Hall A,20,5.757199999999999,2.1940000000000004,0.343,-0.27800000000000014,1.5300157763269162,0.5737309588728113,75.0,True,True,,0.25679293878696696,0.1902579684833371,0.32332790909059694,2.6868386837695852,True,
153,E00-110 Hall A,24,5.7572,2.218,0.345,-0.17600000000000002,0.9289780544207543,0.6498120622884259,15.000000000000009,True,True,,0.25697941865159496,0.40273212849515655,0.11122670880803331,1.4092377120078605,True,
154,E00-110 Hall A,24,5.7572,2.318,0.363,-0.232,0.7146147166840575,0.7663376837300525,15.000000000000009,True,True,,0.5934027413638102,0.6380209023376017,0.5487845803900189,1.9124788777710626,True,
155,E00-110 Hall A,24,5.7572,2.348,0.36800000000000005,-0.279,1.6381569546652246,0.559192404787031,15.000000000000009,True,True,,0.5181282315160444,0.5233735935627303,0.5128828694693586,2.2046242015941293,True,
156,E00-110 Hall A,24,5.7572,2.36,0.371,-0.325,1.0248685659893477,1.0888418183394333,15.000000000000009,True,True,,0.4443237767182018,0.433428248696439,0.4552193047399647,2.5305173166354167,True,
157,E00-110 Hall A,24,5.7572,2.375,0.373,-0.37200000000000005,0.5162713796967547,1.0887911413154219,15.000000000000009,True,True,,0.43038617382899474,0.3570457699542904,0.5037265777036991,2.9075287135608,True,
158,e1-DVCS2 Hall B,16,5.88,1.128625,0.124125,-0.108,0.827098667398153,1.0409701679291326,134.39999999999995,True,False,angular_gap_too_large,,,,,False,
159,e1-DVCS2 Hall B,16,5.88,1.1292499999999999,0.12425,-0.15225,1.3279493615379763,1.2103423704941345,133.79999999999998,True,False,angular_gap_too_large,,,,,False,
160,e1-DVCS2 Hall B,15,5.879999999999999,1.1295999999999997,0.125,-0.20299999999999996,1.2812176112538662,0.867906537064353,133.79999999999998,True,False,angular_gap_too_large,,,,,False,
161,e1-DVCS2 Hall B,18,5.879999999999999,1.1300000000000001,0.125,-0.26133333333333336,1.3137548537326655,1.7304944719925548,104.2,True,False,angular_gap_too_large,,,,,False,
162,e1-DVCS2 Hall B,17,5.88,1.1305294117647058,0.125,-0.34,1.2342308615139757,0.6479905349675125,103.39999999999998,True,False,angular_gap_too_large,,,,,False,
163,e1-DVCS2 Hall B,20,5.879999999999999,1.1302999999999999,0.125,-0.4465,1.6007148633641208,0.8534497010904871,75.0,True,True,,0.2528957461603047,0.3915225330872597,0.11426895923334976,1.7276607130027153,True,
164,e1-DVCS2 Hall B,20,5.879999999999999,1.1308,0.1251,-0.6041,1.4095218169281543,1.06491715318664,45.79999999999999,True,True,,0.3149795636431117,0.5798728325469903,0.05008629473923313,1.9122144108373549,True,
165,e1-DVCS2 Hall B,21,5.879999999999999,1.1311428571428568,0.12528571428571428,-0.8628571428571428,1.6544781679540412,1.0990861477206422,30.199999999999978,True,True,,0.22105567452059957,0.42175926137573744,0.020352087665461708,1.6406107191883759,True,
166,e1-DVCS2 Hall B,16,5.88,1.1306874999999998,0.12537500000000001,-1.3820000000000001,1.0080431699452086,1.416622995325177,90.39999999999998,True,False,angular_gap_too_large,,,,,False,
167,e1-DVCS2 Hall B,19,5.879999999999999,1.3003684210526316,0.15410526315789472,-0.10821052631578948,1.7312722637191158,1.4858765465907977,75.39999999999998,True,True,,0.521433063299625,0.9783896604004184,0.06447646619883156,1.9128666899130546,True,
168,e1-DVCS2 Hall B,18,5.879999999999999,1.300888888888889,0.154,-0.15266666666666667,2.140035072219072,1.3998272189614958,103.79999999999998,True,False,angular_gap_too_large;xsec_surrogate_closure,,,,,False,
169,e1-DVCS2 Hall B,18,5.879999999999999,1.3014444444444444,0.154,-0.20299999999999999,1.7958351848865841,2.825126609845615,103.60000000000002,True,False,angular_gap_too_large;diff_surrogate_closure,,,,,False,
170,e1-DVCS2 Hall B,17,5.88,1.301764705882353,0.154,-0.2615882352941177,1.66702257345373,1.2571266518453843,103.39999999999998,True,False,angular_gap_too_large,,,,,False,
171,e1-DVCS2 Hall B,16,5.88,1.302125,0.154,-0.340125,1.4554001535403467,1.2971944112387621,103.39999999999998,True,False,angular_gap_too_large,,,,,False,
172,e1-DVCS2 Hall B,20,5.879999999999999,1.3024,0.15419999999999998,-0.44699999999999995,1.9803160554575356,1.4223324161883226,74.20000000000002,True,True,,0.5469269268944543,1.0208090574497954,0.07304479633911311,1.8461177474085344,True,
173,e1-DVCS2 Hall B,19,5.879999999999999,1.3028947368421053,0.15442105263157893,-0.6036315789473683,5.023142262570016,1.4715514233915343,73.0,True,False,xsec_surrogate_closure,,,,,False,
174,e1-DVCS2 Hall B,15,5.879999999999999,1.3019333333333336,0.15486666666666662,-0.868,1.7276008018407745,1.9286425002125367,135.79999999999998,True,False,angular_gap_too_large,,,,,False,
175,e1-DVCS2 Hall B,14,5.88,1.3031428571428572,0.1549285714285714,-1.3824285714285713,1.228186621293118,0.7066351734066638,105.6,True,False,angular_gap_too_large,,,,,False,
176,e1-DVCS2 Hall B,16,5.88,1.4245,0.155,-0.108,1.222211406104833,0.8331768191189148,134.0,True,False,angular_gap_too_large,,,,,False,
177,e1-DVCS2 Hall B,16,5.88,1.4255,0.155,-0.1525,1.0821087044249231,1.2994814581028302,134.0,True,False,angular_gap_too_large,,,,,False,
178,e1-DVCS2 Hall B,16,5.88,1.4257499999999999,0.155,-0.203,1.6758879800551583,3.421782297029069,133.79999999999998,True,False,angular_gap_too_large;diff_surrogate_closure,,,,,False,
179,e1-DVCS2 Hall B,18,5.879999999999999,1.426111111111111,0.15499999999999997,-0.26155555555555554,1.483859958258839,2.051533544828224,104.2,True,False,angular_gap_too_large;diff_surrogate_closure,,,,,False,
180,e1-DVCS2 Hall B,17,5.88,1.4265882352941175,0.155,-0.34,3.6492560657428093,1.131293502367688,118.59999999999995,True,False,angular_gap_too_large;xsec_surrogate_closure,,,,,False,
181,e1-DVCS2 Hall B,18,5.879999999999999,1.4266666666666665,0.15533333333333335,-0.44633333333333336,1.1161598406286002,1.847543653174475,103.39999999999998,True,False,angular_gap_too_large,,,,,False,
182,e1-DVCS2 Hall B,20,5.879999999999999,1.4269999999999998,0.15600000000000003,-0.6032999999999998,1.1512765567237329,1.411144015134521,73.39999999999998,True,True,,0.5613939717481858,1.0302600632228627,0.09252788027350889,1.9921290181778653,True,
183,e1-DVCS2 Hall B,22,5.879999999999999,1.4266363636363635,0.15590909090909094,-0.864,3.3248683399207817,1.5352201352044803,30.200000000000003,True,False,xsec_surrogate_closure,,,,,False,
184,e1-DVCS2 Hall B,13,5.88,1.4266153846153846,0.15599999999999997,-1.3802307692307692,1.4674329257332954,0.9248288898119821,150.89999999999995,True,False,angular_gap_too_large,,,,,False,
185,e1-DVCS2 Hall B,22,5.879999999999999,1.4858636363636364,0.18400000000000005,-0.1085,2.282354052960907,2.9267090650344953,30.09999999999996,True,False,xsec_surrogate_closure;diff_surrogate_closure,,,,,False,
186,e1-DVCS2 Hall B,22,5.879999999999999,1.4870909090909095,0.1841818181818182,-0.15309090909090908,1.6422736791367667,1.8470892777724643,45.599999999999966,True,True,,0.21581832166038203,0.11301757891374535,0.31861906440701876,1.7903316031429963,True,
187,e1-DVCS2 Hall B,20,5.879999999999999,1.4874,0.18400000000000002,-0.2032,2.090360194901582,1.7335030112280638,74.0,True,False,xsec_surrogate_closure,,,,,False,
188,e1-DVCS2 Hall B,20,5.879999999999999,1.4878,0.1841,-0.26210000000000006,1.5852405937819904,1.9031434557990934,74.20000000000002,True,True,,0.29651628416028164,0.35090557651665477,0.24212699180390856,1.6806019287978458,True,
189,e1-DVCS2 Hall B,20,5.879999999999999,1.4881000000000002,0.1841,-0.3405,1.6393096628782278,1.2443369620856026,74.0,True,True,,0.4854864677571399,0.784804627287468,0.18616830822681182,1.8240436947836132,True,
190,e1-DVCS2 Hall B,20,5.879999999999999,1.4882,0.1841,-0.4473,1.9543398033527517,1.710449273762102,73.20000000000003,True,True,,0.7994568016191415,1.456502180576284,0.142411422661999,1.9840407691099131,True,
191,e1-DVCS2 Hall B,14,5.88,1.4881428571428574,0.18500000000000003,-0.6042857142857142,1.1463282891484403,0.7565678447527457,105.59999999999997,True,False,angular_gap_too_large,,,,,False,
192,e1-DVCS2 Hall B,15,5.879999999999999,1.487866666666667,0.18486666666666668,-0.8667333333333332,2.256021248119139,0.8286213831463888,75.39999999999995,True,False,xsec_surrogate_closure,,,,,False,
193,e1-DVCS2 Hall B,9,5.88,1.4872222222222224,0.18511111111111112,-1.3815555555555556,1.662613394836159,0.7309097283129746,226.39999999999995,True,False,too_few_common_phi_points;angular_gap_too_large,,,,,False,
194,e1-DVCS2 Hall B,18,5.879999999999999,1.6703333333333334,0.185,-0.10833333333333334,0.9285652778894191,1.7146506523229723,104.60000000000001,True,False,angular_gap_too_large,,,,,False,
195,e1-DVCS2 Hall B,18,5.879999999999999,1.6706666666666665,0.185,-0.153,1.178538837155645,1.8587103470636706,104.60000000000001,True,False,angular_gap_too_large,,,,,False,
196,e1-DVCS2 Hall B,18,5.879999999999999,1.671111111111111,0.185,-0.20311111111111113,1.1152255701607554,1.1198149261878696,104.39999999999998,True,False,angular_gap_too_large,,,,,False,
197,e1-DVCS2 Hall B,17,5.88,1.6712352941176472,0.185,-0.262,1.6968314198059646,1.989718813129454,103.79999999999998,True,False,angular_gap_too_large,,,,,False,
198,e1-DVCS2 Hall B,18,5.879999999999999,1.671555555555556,0.185,-0.34011111111111114,1.4613188037247005,1.1042731832301182,103.39999999999998,True,False,angular_gap_too_large,,,,,False,
199,e1-DVCS2 Hall B,18,5.879999999999999,1.6713333333333336,0.185,-0.44699999999999995,1.1355407010684506,0.9545474845017288,103.39999999999998,True,False,angular_gap_too_large,,,,,False,
200,e1-DVCS2 Hall B,19,5.879999999999999,1.670578947368421,0.185,-0.6039999999999999,1.7997009606129528,1.5815400638637205,73.39999999999998,True,True,,0.7700833018399748,1.3549100082895114,0.18525659539043812,1.6789258394223812,True,
201,e1-DVCS2 Hall B,19,5.879999999999999,1.6676842105263159,0.185,-0.8723684210526317,2.3103983394374987,2.2254257751964603,75.39999999999999,True,False,xsec_surrogate_closure;diff_surrogate_closure,,,,,False,
202,e1-DVCS2 Hall B,16,5.88,1.6673749999999998,0.18562499999999998,-1.3792499999999999,1.3912091977675947,0.6080628816672917,75.39999999999993,True,True,,0.5341196250162812,1.065017343932992,0.003221906099570493,1.6722963453922153,True,
203,e1-DVCS2 Hall B,23,5.879999999999999,1.683695652173913,0.21382608695652178,-0.10899999999999999,2.5277631524532898,1.221923276941586,30.100000000000012,True,False,xsec_surrogate_closure,,,,,False,
204,e1-DVCS2 Hall B,24,5.88,1.6844999999999999,0.214,-0.15341666666666665,2.8466325452359045,1.5410462569064727,15.100000000000028,True,False,xsec_surrogate_closure,,,,,False,
205,e1-DVCS2 Hall B,22,5.879999999999999,1.6848181818181815,0.21400000000000005,-0.20327272727272724,1.9204965334692365,1.5134694730528897,44.79999999999999,True,True,,0.3506584904398801,0.18208254404254157,0.5192344368372187,1.8320146367778456,True,
206,e1-DVCS2 Hall B,20,5.879999999999999,1.6855999999999998,0.21400000000000002,-0.2622,1.9551566228639559,1.9067007125221713,73.60000000000002,True,True,,0.39755847788818494,0.3548663705445188,0.44025058523185123,1.8655043934893998,True,
207,e1-DVCS2 Hall B,19,5.879999999999999,1.685526315789474,0.2142105263157895,-0.34063157894736845,1.0230276411472687,1.2836495045106766,73.20000000000003,True,True,,0.5789987612229743,0.8902514710930469,0.2677460513529018,1.9421362145997996,True,
208,e1-DVCS2 Hall B,16,5.88,1.685,0.214625,-0.4475,0.8897152892868431,1.4662418265237553,75.39999999999999,True,True,,0.9989895133065257,1.8034960258945432,0.19448300071850816,1.9731613408361304,True,
209,e1-DVCS2 Hall B,13,5.88,1.6846923076923077,0.21499999999999997,-0.6050769230769231,0.9293534184352789,0.6483305437135022,120.69999999999995,True,False,angular_gap_too_large,,,,,False,
210,e1-DVCS2 Hall B,13,5.88,1.6824615384615385,0.21499999999999997,-0.8713846153846153,1.7235573739636612,2.2794724257925014,90.60000000000004,True,False,angular_gap_too_large;diff_surrogate_closure,,,,,False,
211,e1-DVCS2 Hall B,17,5.88,1.6822941176470587,0.21494117647058822,-1.3808235294117648,1.1792494298556022,0.9685972185054756,60.49999999999999,True,True,,0.37323067124814663,0.7422991315436155,0.00416221095267771,1.7540587805358112,True,
212,e1-DVCS2 Hall B,22,5.879999999999999,1.931,0.21490909090909094,-0.10854545454545454,1.8210330041808993,1.594569903769508,45.400000000000034,True,True,,0.42042492129231623,0.7241349976830256,0.11671484490160658,2.2918194396227816,True,
213,e1-DVCS2 Hall B,20,5.879999999999999,1.9325999999999997,0.215,-0.15309999999999999,0.9448886239243561,1.4989970428790629,75.8,True,True,,0.2572500334050857,0.33416070572270484,0.18033936108746654,2.0775314730936567,True,
214,e1-DVCS2 Hall B,18,5.879999999999999,1.9354444444444445,0.21499999999999997,-0.20311111111111113,2.104780225798068,2.206567820844855,104.0,True,False,angular_gap_too_large;xsec_surrogate_closure;diff_surrogate_closure,,,,,False,
215,e1-DVCS2 Hall B,18,5.879999999999999,1.935444444444444,0.21499999999999997,-0.26200000000000007,1.3335886447872085,1.0207655245419978,103.60000000000002,True,False,angular_gap_too_large,,,,,False,
216,e1-DVCS2 Hall B,17,5.88,1.9350588235294117,0.215,-0.34035294117647064,1.1577345482716512,1.2272048954539831,103.39999999999998,True,False,angular_gap_too_large,,,,,False,
217,e1-DVCS2 Hall B,16,5.88,1.9348125,0.215,-0.447,1.0765803508838672,0.8647148299593264,103.39999999999998,True,False,angular_gap_too_large,,,,,False,
218,e1-DVCS2 Hall B,18,5.879999999999999,1.9329444444444444,0.21499999999999997,-0.6044444444444443,2.0490159033956905,1.1723596154021871,73.79999999999998,True,False,xsec_surrogate_closure,,,,,False,
219,e1-DVCS2 Hall B,18,5.879999999999999,1.9312222222222222,0.21499999999999997,-0.8682777777777777,1.897176175917428,1.1647126301770847,75.40000000000002,True,True,,0.21132786900178085,0.3245609474553246,0.09809479054823714,1.6680039341202486,True,
220,e1-DVCS2 Hall B,13,5.88,1.926769230769231,0.21538461538461545,-1.3778461538461537,2.454235465912284,1.068083086963455,165.79999999999995,True,False,angular_gap_too_large;xsec_surrogate_closure,,,,,False,
221,e1-DVCS2 Hall B,23,5.879999999999999,1.8461739130434784,0.24391304347826084,-0.1093478260869565,9.184280127323886,1.426390706625139,29.99999999999998,True,False,xsec_surrogate_closure,,,,,False,
222,e1-DVCS2 Hall B,22,5.879999999999999,1.847227272727273,0.24399999999999994,-0.15354545454545454,2.3711349004039364,1.7850805542891983,30.100000000000012,True,False,xsec_surrogate_closure,,,,,False,
223,e1-DVCS2 Hall B,23,5.879999999999999,1.8475652173913044,0.24399999999999994,-0.2036086956521739,2.6987721724317835,1.3745153122363392,30.09999999999996,True,False,xsec_surrogate_closure,,,,,False,
224,e1-DVCS2 Hall B,24,5.88,1.8469166666666668,0.24441666666666664,-0.26258333333333334,2.0700386671161275,2.3553085462990673,15.100000000000028,True,False,xsec_surrogate_closure;diff_surrogate_closure,,,,,False,
225,e1-DVCS2 Hall B,19,5.879999999999999,1.8476315789473687,0.244578947368421,-0.3411578947368421,1.9062136203047435,1.095869971793517,59.09999999999999,True,True,,0.4488422123950993,0.6295855702586488,0.2680988545315498,2.7668891593711655,True,
226,e1-DVCS2 Hall B,13,5.88,1.8473846153846152,0.24453846153846148,-0.44807692307692315,1.8188996333957463,1.1363197950281347,120.69999999999992,True,False,angular_gap_too_large,,,,,False,
227,e1-DVCS2 Hall B,12,5.88,1.8467500000000001,0.24483333333333338,-0.6059166666666665,2.292598312745782,2.013812667259143,90.50000000000001,True,False,angular_gap_too_large;xsec_surrogate_closure;diff_surrogate_closure,,,,,False,
228,e1-DVCS2 Hall B,16,5.88,1.8445,0.245,-0.872,3.93958717231763,0.9798026920816447,60.30000000000002,True,False,xsec_surrogate_closure,,,,,False,
229,e1-DVCS2 Hall B,17,5.88,1.8435882352941175,0.24452941176470588,-1.3872941176470588,1.3981933556096904,0.963026522151281,75.69999999999999,True,True,,0.7304127425435127,1.4521758433113536,0.008649641775671856,1.9835660924774987,True,
230,e1-DVCS2 Hall B,22,5.879999999999999,2.1735909090909087,0.2445454545454545,-0.10927272727272724,1.2228395473463587,1.514047487155616,30.100000000000012,True,True,,5.116671289608108,9.997809082356893,0.23553349685932387,2.0517262152775926,False,H_dominance_BKM_closure
231,e1-DVCS2 Hall B,24,5.88,2.1675,0.245,-0.15325,1.6933196222309614,1.9539173511013248,15.200000000000012,True,True,,0.3455873813353893,0.3861672840482697,0.3050074786225088,2.232949104401208,True,
232,e1-DVCS2 Hall B,17,5.88,2.1773529411764705,0.245,-0.2032352941176471,1.7019564157163103,1.835842421827316,104.0,True,False,angular_gap_too_large,,,,,False,
233,e1-DVCS2 Hall B,20,5.879999999999999,2.1729999999999996,0.24500000000000002,-0.2622,2.471984712071359,1.6091730051528317,75.60000000000004,True,False,xsec_surrogate_closure,,,,,False,
234,e1-DVCS2 Hall B,20,5.879999999999999,2.1721999999999997,0.24509999999999996,-0.34060000000000007,1.6196214602130208,1.4208580080227162,76.20000000000002,True,True,,0.5921593324803769,0.8145565491441168,0.369762115816637,1.9937968431384847,True,
235,e1-DVCS2 Hall B,19,5.879999999999999,2.173631578947368,0.24500000000000002,-0.4473684210526316,2.070845590420371,1.4667426776822428,89.6,True,False,xsec_surrogate_closure,,,,,False,
236,e1-DVCS2 Hall B,19,5.879999999999999,2.1721052631578948,0.24500000000000002,-0.6050526315789474,2.812142274959251,1.2506433649106967,74.0,True,False,xsec_surrogate_closure,,,,,False,
237,e1-DVCS2 Hall B,16,5.88,2.1688125,0.245,-0.8694375,2.499123729993801,0.8740604882903528,75.39999999999999,True,False,xsec_surrogate_closure,,,,,False,
238,e1-DVCS2 Hall B,13,5.88,2.158615384615385,0.2450769230769231,-1.3788461538461538,0.8958814436639714,1.550592783414506,150.80000000000004,True,False,angular_gap_too_large,,,,,False,
239,e1-DVCS2 Hall B,17,5.88,1.9929411764705884,0.2735294117647059,-0.11029411764705882,18.490847747019668,1.6409239413666485,120.39999999999993,True,False,angular_gap_too_large;xsec_surrogate_closure,,,,,False,
240,e1-DVCS2 Hall B,23,5.879999999999999,1.9974782608695651,0.27408695652173914,-0.15378260869565213,2.92403096514191,2.1606295683061054,30.100000000000012,True,False,xsec_surrogate_closure;diff_surrogate_closure,,,,,False,
241,e1-DVCS2 Hall B,23,5.879999999999999,1.9980434782608696,0.274304347826087,-0.20369565217391306,3.5671866899534166,1.156493004568315,30.100000000000012,True,False,xsec_surrogate_closure,,,,,False,
242,e1-DVCS2 Hall B,19,5.879999999999999,1.9978421052631585,0.2742631578947369,-0.26294736842105265,1.4824675039448985,1.422727289182206,90.39999999999998,True,False,angular_gap_too_large,,,,,False,
243,e1-DVCS2 Hall B,18,5.879999999999999,1.9967777777777778,0.2744444444444445,-0.342,3.7761478324586926,1.4488565027228073,105.59999999999997,True,False,angular_gap_too_large;xsec_surrogate_closure,,,,,False,
244,e1-DVCS2 Hall B,15,5.879999999999999,1.9964666666666666,0.2747333333333334,-0.4487333333333333,2.3780586627755644,1.2901332294204881,75.39999999999993,True,False,xsec_surrogate_closure,,,,,False,
245,e1-DVCS2 Hall B,14,5.88,1.9940714285714287,0.27499999999999997,-0.6067142857142859,3.959452858933929,1.809083726600689,75.39999999999999,True,False,xsec_surrogate_closure,,,,,False,
246,e1-DVCS2 Hall B,17,5.88,1.9954705882352939,0.2748823529411765,-0.8725294117647059,2.253442309130439,1.9862746907432025,60.40000000000002,True,False,xsec_surrogate_closure,,,,,False,
247,e1-DVCS2 Hall B,13,5.88,1.990076923076923,0.27492307692307694,-1.401923076923077,0.6840336402999553,0.7598819022690066,75.9,True,True,,0.9708504207262787,1.9252534549637657,0.016447386488792053,1.9795382746551495,True,
248,e1-DVCS2 Hall B,15,5.879999999999999,2.4077333333333333,0.2736,-0.11080000000000001,7.85317509210918,1.8357879652275098,120.29999999999994,True,False,angular_gap_too_large;xsec_surrogate_closure,,,,,False,
249,e1-DVCS2 Hall B,24,5.88,2.4124166666666667,0.27466666666666667,-0.15358333333333332,1.3829189032775016,1.2523233476909303,15.10000000000004,True,True,,3.3041223680475666,6.30363899933976,0.30460573675537217,2.3339346116185657,False,H_dominance_BKM_closure
250,e1-DVCS2 Hall B,21,5.879999999999999,2.4012857142857147,0.27490476190476204,-0.20347619047619053,6.368459017201489,2.4640589081750597,45.19999999999999,True,False,xsec_surrogate_closure;diff_surrogate_closure,,,,,False,
251,e1-DVCS2 Hall B,22,5.879999999999999,2.4038181818181816,0.27500000000000013,-0.2622727272727273,1.968509602862588,1.5467462999545907,45.400000000000034,True,True,,0.5851670651965698,0.5825583346216322,0.5877757957715073,3.2170870999100134,True,
252,e1-DVCS2 Hall B,20,5.879999999999999,2.4102,0.2750000000000001,-0.341,1.635270369316908,2.09618683835589,75.39999999999998,True,False,diff_surrogate_closure,,,,,False,
253,e1-DVCS2 Hall B,20,5.879999999999999,2.408,0.2750000000000001,-0.4476,3.554892610574465,2.162128480137677,75.20000000000002,True,False,xsec_surrogate_closure;diff_surrogate_closure,,,,,False,
254,e1-DVCS2 Hall B,15,5.879999999999999,2.4075333333333333,0.275,-0.6055333333333335,1.5121397484721275,0.8039868586954196,88.69999999999999,True,True,,0.5619041365757,0.9434980001557485,0.18031027299565158,2.337424655160635,True,
255,e1-DVCS2 Hall B,13,5.88,2.403153846153846,0.27499999999999997,-0.8673846153846154,1.8410359707523374,1.3610810144980552,105.39999999999996,True,False,angular_gap_too_large,,,,,False,
256,e1-DVCS2 Hall B,16,5.88,2.3911875,0.27525,-1.389125,1.9165470958550879,1.3115524898437645,90.59999999999995,True,False,angular_gap_too_large,,,,,False,
257,e1-DVCS2 Hall B,9,5.88,2.1442222222222225,0.301,-0.11799999999999998,7.953544094161078,1.531270871741753,225.3,True,False,too_few_common_phi_points;angular_gap_too_large;xsec_surrogate_closure,,,,,False,
258,e1-DVCS2 Hall B,17,5.88,2.1624117647058827,0.30405882352941177,-0.15441176470588236,3.889100287612941,1.1596649145507814,120.39999999999993,True,False,angular_gap_too_large;xsec_surrogate_closure,,,,,False,
259,e1-DVCS2 Hall B,21,5.879999999999999,2.164904761904762,0.3043333333333334,-0.20395238095238097,3.863033181276463,1.3770257877855503,60.30000000000002,True,False,xsec_surrogate_closure,,,,,False,
260,e1-DVCS2 Hall B,20,5.879999999999999,2.1647999999999996,0.30440000000000006,-0.263,4.065787076137669,1.7477133686521942,75.39999999999999,True,False,xsec_surrogate_closure,,,,,False,
261,e1-DVCS2 Hall B,16,5.88,2.1639999999999997,0.304375,-0.342375,1.9159120063914195,2.412362032551515,135.60000000000002,True,False,angular_gap_too_large;diff_surrogate_closure,,,,,False,
262,e1-DVCS2 Hall B,17,5.88,2.161882352941176,0.3046470588235294,-0.4495294117647059,2.632733788594221,1.588738722752349,75.3,True,False,xsec_surrogate_closure,,,,,False,
263,e1-DVCS2 Hall B,18,5.879999999999999,2.1629444444444443,0.3048888888888889,-0.6072222222222223,0.9757281885189312,1.1613147681544937,45.300000000000004,True,True,,0.5569030714858144,1.0431307679985893,0.0706753749730399,1.6175697850540152,True,
264,e1-DVCS2 Hall B,16,5.88,2.1593125,0.305,-0.872375,3.2930148012316662,0.5813600828853906,46.20000000000002,True,False,xsec_surrogate_closure,,,,,False,
265,e1-DVCS2 Hall B,17,5.88,2.1554117647058826,0.3045882352941176,-1.4151764705882353,1.3733172099689936,0.5103315552417412,45.59999999999995,True,True,,0.8498859045650416,1.6568729699920097,0.04289883913807368,1.711671179609219,True,
266,e1-DVCS2 Hall B,11,5.880000000000001,2.6259090909090905,0.3008181818181818,-0.11872727272727274,14.43064847902262,2.506510110594689,195.20000000000007,True,False,too_few_common_phi_points;angular_gap_too_large;xsec_surrogate_closure;diff_surrogate_closure,,,,,False,
267,e1-DVCS2 Hall B,20,5.879999999999999,2.6536999999999997,0.3042000000000001,-0.1543,1.3884568469075844,1.149060888276046,75.20000000000006,True,True,,2.9935917431178756,5.90162702792882,0.08555645830693247,1.7896356735279064,False,H_dominance_BKM_closure
268,e1-DVCS2 Hall B,24,5.88,2.6525,0.3045833333333334,-0.20366666666666666,1.773684669509451,1.4641251855332644,15.10000000000004,True,True,,0.5895995724637423,0.9922524133869653,0.186946731540519,1.9270391590289224,True,
269,e1-DVCS2 Hall B,23,5.879999999999999,2.6429130434782606,0.30473913043478257,-0.2624347826086956,3.4018011069105905,2.3868875631762934,30.100000000000012,True,False,xsec_surrogate_closure;diff_surrogate_closure,,,,,False,
270,e1-DVCS2 Hall B,19,5.879999999999999,2.6414736842105264,0.30499999999999994,-0.3411052631578948,3.255117936680115,2.4481863218178823,45.400000000000034,True,False,xsec_surrogate_closure;diff_surrogate_closure,,,,,False,
271,e1-DVCS2 Hall B,20,5.879999999999999,2.6497,0.30499999999999994,-0.4478,1.7372223145597274,1.2842893172742273,74.60000000000002,True,True,,0.24349888492885902,0.24279071968707133,0.24420705017064676,2.3387343349451792,True,
272,e1-DVCS2 Hall B,18,5.879999999999999,2.6468888888888884,0.30499999999999994,-0.6058888888888888,4.049095490976573,1.603523314680161,74.0,True,False,xsec_surrogate_closure,,,,,False,
273,e1-DVCS2 Hall B,12,5.88,2.6411666666666664,0.30500000000000005,-0.8686666666666666,3.975891531443447,0.7757445941608356,135.60000000000002,True,False,angular_gap_too_large;xsec_surrogate_closure,,,,,False,
274,e1-DVCS2 Hall B,17,5.88,2.630529411764706,0.3045294117647059,-1.4041176470588235,2.4894254581835575,0.9517446320722317,60.00000000000001,True,False,xsec_surrogate_closure,,,,,False,
275,e1-DVCS2 Hall B,1,5.88,2.23,0.324,-0.127,5.046005417546625,1.7206303779009284,360.0,False,False,too_few_common_phi_points;does_not_cover_both_phi_signs;angular_gap_too_large;xsec_surrogate_closure,,,,,False,
276,e1-DVCS2 Hall B,14,5.88,2.287571428571429,0.3330000000000001,-0.15757142857142853,4.222522771562801,1.5441127871217113,165.39999999999998,True,False,angular_gap_too_large;xsec_surrogate_closure,,,,,False,
277,e1-DVCS2 Hall B,18,5.879999999999999,2.2969999999999997,0.3343333333333333,-0.20411111111111113,1.7758144851720215,1.4131959229141653,105.39999999999996,True,False,angular_gap_too_large,,,,,False,
278,e1-DVCS2 Hall B,17,5.88,2.29735294117647,0.3344117647058824,-0.26341176470588235,2.4213557656347398,2.0004746243510736,105.39999999999996,True,False,angular_gap_too_large;xsec_surrogate_closure;diff_surrogate_closure,,,,,False,
279,e1-DVCS2 Hall B,14,5.88,2.2967857142857144,0.3342857142857142,-0.3427142857142858,2.6035146521043897,2.67712979342981,165.69999999999996,True,False,angular_gap_too_large;xsec_surrogate_closure;diff_surrogate_closure,,,,,False,
280,e1-DVCS2 Hall B,14,5.88,2.2965714285714287,0.3344285714285714,-0.45100000000000007,1.79049861856284,1.8567741966060325,165.79999999999995,True,False,angular_gap_too_large,,,,,False,
281,e1-DVCS2 Hall B,19,5.879999999999999,2.2957894736842106,0.3347894736842105,-0.6079473684210526,1.2938415325491701,1.6690659258590792,45.2,True,True,,0.5958642567690077,1.0962984375262097,0.09543007601180611,1.688836269697195,True,
282,e1-DVCS2 Hall B,16,5.88,2.29625,0.3349375,-0.872125,1.0672698093319701,1.1406369786693777,58.39999999999998,True,True,,0.3635894670579376,0.706927217953642,0.020251716162233178,1.6095377777729993,True,
283,e1-DVCS2 Hall B,18,5.879999999999999,2.2855555555555553,0.33461111111111114,-1.4262777777777778,1.1670189857659166,1.3514501971628157,60.69999999999999,True,True,,0.8326623188526979,1.644847317756513,0.020477319948883174,1.5754230203161954,True,
284,e1-DVCS2 Hall B,14,5.88,2.8438571428571433,0.3324285714285714,-0.15828571428571428,2.310172152631044,2.5107376653824653,165.39999999999998,True,False,angular_gap_too_large;xsec_surrogate_closure;diff_surrogate_closure,,,,,False,
285,e1-DVCS2 Hall B,20,5.879999999999999,2.859,0.3343999999999999,-0.2041,2.039852291496736,1.5294359208030825,75.20000000000006,True,False,xsec_surrogate_closure,,,,,False,
286,e1-DVCS2 Hall B,24,5.88,2.8577500000000007,0.3345833333333334,-0.2628333333333333,3.500357847144875,2.6008394344423764,15.10000000000004,True,False,xsec_surrogate_closure;diff_surrogate_closure,,,,,False,
287,e1-DVCS2 Hall B,22,5.879999999999999,2.848181818181818,0.3348181818181818,-0.34149999999999997,2.2829725245480357,2.3414176554506123,30.200000000000003,True,False,xsec_surrogate_closure;diff_surrogate_closure,,,,,False,
288,e1-DVCS2 Hall B,22,5.879999999999999,2.8468181818181812,0.3349090909090909,-0.448,2.455893164205695,2.0141960041831797,45.599999999999966,True,False,xsec_surrogate_closure;diff_surrogate_closure,,,,,False,
289,e1-DVCS2 Hall B,19,5.879999999999999,2.853105263157895,0.335,-0.6061578947368421,1.6402094929742645,1.1413650981059142,73.60000000000002,True,True,,0.13252672260256118,0.13749259354083654,0.1275608516642858,1.9787344843035928,True,
290,e1-DVCS2 Hall B,12,5.88,2.845666666666667,0.335,-0.8703333333333333,2.985124788699736,1.6210522215911827,120.49999999999999,True,False,angular_gap_too_large;xsec_surrogate_closure,,,,,False,
291,e1-DVCS2 Hall B,14,5.88,2.8284285714285713,0.3350714285714286,-1.4292142857142858,1.9695447828315147,0.8319493862502803,90.30000000000003,True,False,angular_gap_too_large,,,,,False,
292,e1-DVCS2 Hall B,9,5.88,2.3875555555555557,0.359,-0.16944444444444443,5.902904864776145,1.5302094871890324,210.20000000000005,True,False,too_few_common_phi_points;angular_gap_too_large;xsec_surrogate_closure,,,,,False,
293,e1-DVCS2 Hall B,15,5.879999999999999,2.419399999999999,0.36419999999999997,-0.20486666666666667,1.7479138327948247,1.6388340914607267,150.39999999999995,True,False,angular_gap_too_large,,,,,False,
294,e1-DVCS2 Hall B,13,5.88,2.4205384615384617,0.3642307692307692,-0.263923076923077,3.0992621815872523,2.8319206286494656,165.60000000000005,True,False,angular_gap_too_large;xsec_surrogate_closure;diff_surrogate_closure,,,,,False,
295,e1-DVCS2 Hall B,14,5.88,2.4210000000000003,0.36428571428571427,-0.3428571428571429,3.1383067850487527,1.6179474056149477,165.60000000000005,True,False,angular_gap_too_large;xsec_surrogate_closure,,,,,False,
296,e1-DVCS2 Hall B,15,5.879999999999999,2.4214,0.36446666666666666,-0.45066666666666666,2.9040445220134044,1.2855364325750416,75.39999999999999,True,False,xsec_surrogate_closure,,,,,False,
297,e1-DVCS2 Hall B,20,5.879999999999999,2.4221999999999997,0.36469999999999997,-0.6096999999999999,2.785437007401858,1.3531927721053527,45.2,True,False,xsec_surrogate_closure,,,,,False,
298,e1-DVCS2 Hall B,17,5.88,2.4210588235294117,0.3649411764705882,-0.8754117647058822,0.96052156990335,0.4856301468897365,45.39999999999998,True,True,,0.23615152435138206,0.4522652029555479,0.020037845747216246,1.5614446971286315,True,
299,e1-DVCS2 Hall B,15,5.879999999999999,2.4166666666666665,0.36486666666666673,-1.4036,0.9249341098922372,0.8635155586378415,59.500000000000014,True,True,,0.6117424058111437,1.1645751120527008,0.058909699569586645,1.518449614592405,True,
300,e1-DVCS2 Hall B,8,5.88,2.998875,0.358,-0.17075,1.2532220599888337,1.5145679981843978,225.20000000000002,True,False,too_few_common_phi_points;angular_gap_too_large,,,,,False,
301,e1-DVCS2 Hall B,13,5.88,3.0503846153846155,0.36369230769230765,-0.20515384615384613,1.208807907439718,2.265933590695916,165.39999999999998,True,False,angular_gap_too_large;diff_surrogate_closure,,,,,False,
302,e1-DVCS2 Hall B,19,5.879999999999999,3.055473684210526,0.3644736842105263,-0.26336842105263153,1.4255574859610467,2.4216398312443643,90.30000000000001,True,False,angular_gap_too_large;diff_surrogate_closure,,,,,False,
303,e1-DVCS2 Hall B,23,5.879999999999999,3.0536086956521733,0.36465217391304355,-0.34195652173913044,0.8669954224705573,1.6052223877535148,30.100000000000037,True,True,,0.12358764093643303,0.0695194286819604,0.17765585319090563,1.9226952816668017,True,
304,e1-DVCS2 Hall B,23,5.879999999999999,3.040826086956522,0.36482608695652174,-0.44856521739130434,4.014733831654994,1.0723954272207528,30.09999999999996,True,False,xsec_surrogate_closure,,,,,False,
305,e1-DVCS2 Hall B,20,5.879999999999999,3.0394499999999995,0.36500000000000005,-0.6067,1.8281269903500792,1.5695279283407058,45.79999999999999,True,True,,0.25763268253720384,0.33988881079075706,0.17537655428365057,1.9705752413228812,True,
306,e1-DVCS2 Hall B,12,5.88,3.0428333333333337,0.36500000000000005,-0.8715833333333335,2.9758064878798582,0.7130296754944818,105.5,True,False,angular_gap_too_large;xsec_surrogate_closure,,,,,False,
307,e1-DVCS2 Hall B,11,5.880000000000001,3.0212727272727276,0.36527272727272736,-1.4031818181818183,1.0682597734029355,1.5723034052698894,105.30000000000001,True,False,too_few_common_phi_points;angular_gap_too_large,,,,,False,
308,e1-DVCS2 Hall B,10,5.880000000000001,2.5161,0.392,-0.213,1.0928693903228233,1.7400521594370566,210.20000000000005,True,False,too_few_common_phi_points;angular_gap_too_large,,,,,False,
309,e1-DVCS2 Hall B,13,5.88,2.5528461538461538,0.3986153846153846,-0.26423076923076927,7.275632279848123,1.271224443503299,165.39999999999998,True,False,angular_gap_too_large;xsec_surrogate_closure,,,,,False,
310,e1-DVCS2 Hall B,13,5.88,2.5543076923076926,0.3986923076923077,-0.34292307692307694,1.7454176546734839,1.936162127502158,165.60000000000005,True,False,angular_gap_too_large,,,,,False,
311,e1-DVCS2 Hall B,13,5.88,2.553692307692308,0.3987692307692307,-0.4515384615384615,2.1174436878436746,1.8973029507623147,165.69999999999996,True,False,angular_gap_too_large;xsec_surrogate_closure,,,,,False,
312,e1-DVCS2 Hall B,12,5.88,2.5525833333333336,0.3988333333333333,-0.6131666666666667,1.7875947974910809,1.9817769182874805,120.49999999999999,True,False,angular_gap_too_large,,,,,False,
313,e1-DVCS2 Hall B,16,5.88,2.5495,0.3995,-0.8785000000000001,1.0147145169696627,1.501777283252102,60.5,True,True,,0.8141184661100054,1.5650391077712218,0.0631978244487888,1.3364807131445986,True,
314,e1-DVCS2 Hall B,11,5.880000000000001,2.549181818181818,0.4003636363636364,-1.4136363636363638,0.45238003537975735,0.20598935858915832,75.79999999999997,True,False,too_few_common_phi_points,,,,,False,
315,e1-DVCS2 Hall B,8,5.88,3.203875,0.390625,-0.215,2.1727261575383543,1.0166203776148757,225.20000000000002,True,False,too_few_common_phi_points;angular_gap_too_large;xsec_surrogate_closure,,,,,False,
316,e1-DVCS2 Hall B,13,5.88,3.265307692307692,0.39838461538461534,-0.2648461538461539,1.129799784737767,3.580398483560082,180.4,True,False,angular_gap_too_large;diff_surrogate_closure,,,,,False,
317,e1-DVCS2 Hall B,17,5.88,3.2718235294117646,0.39894117647058824,-0.3427647058823529,1.2251960122535674,2.621636971469021,120.39999999999993,True,False,angular_gap_too_large;diff_surrogate_closure,,,,,False,
318,e1-DVCS2 Hall B,24,5.88,3.270416666666667,0.3995,-0.4491666666666667,2.650386662801838,1.3983263214454984,15.100000000000028,True,False,xsec_surrogate_closure,,,,,False,
319,e1-DVCS2 Hall B,22,5.879999999999999,3.253045454545455,0.39972727272727276,-0.6073636363636363,2.9620504936158167,1.540459576403524,30.200000000000003,True,False,xsec_surrogate_closure,,,,,False,
320,e1-DVCS2 Hall B,17,5.88,3.25,0.39970588235294124,-0.8732941176470588,1.9414350141574555,1.1778113986556018,60.199999999999996,True,True,,0.12470091309025684,0.1811111148442177,0.06829071133629591,1.9563912346864245,True,
321,e1-DVCS2 Hall B,15,5.879999999999999,3.2431333333333328,0.39926666666666677,-1.4042666666666668,1.0026928785075633,0.8081304585337651,75.20000000000005,True,True,,0.49178818673717006,0.919132632765534,0.06444374070880617,1.7013996286744857,True,
322,e1-DVCS2 Hall B,9,5.88,2.846222222222222,0.4323333333333333,-0.27566666666666667,1.9323870421702172,1.1472460718649027,210.20000000000002,True,False,too_few_common_phi_points;angular_gap_too_large,,,,,False,
323,e1-DVCS2 Hall B,10,5.880000000000001,2.9829000000000003,0.4466,-0.3458,2.148192086379587,0.8408020121326661,195.4,True,False,too_few_common_phi_points;angular_gap_too_large;xsec_surrogate_closure,,,,,False,
324,e1-DVCS2 Hall B,14,5.88,3.077571428571429,0.4581428571428572,-0.4522857142857143,1.1215645261126301,2.778435609383409,165.39999999999998,True,False,angular_gap_too_large;diff_surrogate_closure,,,,,False,
325,e1-DVCS2 Hall B,16,5.88,3.1119375,0.46243750000000006,-0.6115625,1.7703891853180598,2.5174183670208383,105.39999999999996,True,False,angular_gap_too_large;diff_surrogate_closure,,,,,False,
326,e1-DVCS2 Hall B,15,5.879999999999999,3.104733333333334,0.4624666666666667,-0.8859333333333336,1.583153438802987,1.5458161384361546,120.69999999999995,True,False,angular_gap_too_large,,,,,False,
327,e1-DVCS2 Hall B,13,5.88,3.120076923076923,0.4643846153846154,-1.4253076923076924,0.5954521222805708,0.913642875508881,135.70000000000002,True,False,angular_gap_too_large,,,,,False,
328,e1-DVCS2 Hall B,10,5.880000000000001,3.5881999999999996,0.429,-0.277,0.9065366098561858,1.0281702779342659,225.20000000000002,True,False,too_few_common_phi_points;angular_gap_too_large,,,,,False,
329,e1-DVCS2 Hall B,14,5.88,3.7132857142857145,0.4477142857142858,-0.3459999999999999,0.9274124885395684,1.823006277040548,165.39999999999998,True,False,angular_gap_too_large,,,,,False,
330,e1-DVCS2 Hall B,16,5.88,3.844,0.46925,-0.454,3.1134657459203607,2.342829086028291,135.39999999999992,True,False,angular_gap_too_large;xsec_surrogate_closure;diff_surrogate_closure,,,,,False,
331,e1-DVCS2 Hall B,16,5.88,3.9388750000000003,0.48487499999999994,-0.612125,2.2544971354986973,1.8894574437170715,135.39999999999992,True,False,angular_gap_too_large;xsec_surrogate_closure,,,,,False,
332,e1-DVCS2 Hall B,16,5.88,3.972625,0.491875,-0.87775,2.471028689128373,2.174940819249419,135.60000000000002,True,False,angular_gap_too_large;xsec_surrogate_closure;diff_surrogate_closure,,,,,False,
333,e1-DVCS2 Hall B,12,5.88,3.9894999999999996,0.49599999999999994,-1.4213333333333333,2.7683498523705503,1.3516538814344463,150.5,True,False,angular_gap_too_large;xsec_surrogate_closure,,,,,False,
334,E12-06-114 Hall A,24,7.383,3.167,0.363,-0.210832279,1.9729339720746084,0.8388674215661963,15.000000000000009,True,True,,0.44515024589955493,0.5334681900709343,0.3568323017281756,1.5202906660224165,True,
335,E12-06-114 Hall A,24,7.383,3.169,0.363,-0.296641104,1.8853437782872933,0.6002977697719417,15.000000000000009,True,True,,0.4317231111780441,0.369887451842737,0.49355877051335123,1.7306382535013785,True,
336,E12-06-114 Hall A,24,7.383,3.18,0.365,-0.384877942,1.9476804930976994,0.8339423352932073,15.000000000000009,True,True,,0.3656951865375913,0.2973937220488923,0.43399665102629026,2.2424239983874843,True,
337,E12-06-114 Hall A,24,7.383,3.1839999999999997,0.365,-0.47089589,1.4811054506867363,0.3552830144256094,15.000000000000009,True,True,,0.4553090817649243,0.3254723730478513,0.5851457904819973,3.38933433240793,True,
338,E12-06-114 Hall A,24,7.383,3.18,0.36400000000000005,-0.585781369,2.0291058328377125,0.630694482746148,15.000000000000009,True,False,xsec_surrogate_closure,,,,,False,
339,E12-06-114 Hall A,24,8.521,3.65,0.367,-0.20459426300000003,1.6566709812954536,1.1942999729888928,15.000000000000009,True,True,,0.19261151867355006,0.1531542388660484,0.23206879848105175,1.4996430652526993,True,
340,E12-06-114 Hall A,24,8.521,3.653,0.367,-0.265805007,1.745278478054776,0.39613935887536583,15.000000000000009,True,True,,0.1528912122719617,0.22430417900591823,0.0814782455380052,1.5227531975912385,True,
341,E12-06-114 Hall A,24,8.521,3.669,0.369,-0.330337229,1.0144180660160835,0.6077332589688825,15.000000000000009,True,True,,0.19283265257648083,0.28036130361550754,0.10530400153745405,1.8469168785267451,True,
342,E12-06-114 Hall A,24,8.521,3.6779999999999995,0.36999999999999994,-0.39251536699999995,1.1308744908272534,0.6861471690954767,15.000000000000009,True,True,,0.2439304423815265,0.32764057044072087,0.16022031432233216,2.493627312038016,True,
343,E12-06-114 Hall A,24,8.521,3.679,0.36999999999999994,-0.480519034,1.07487623417341,0.5571718145238874,15.000000000000009,True,True,,0.8243730580558367,0.776282646957077,0.8724634691545966,3.8505277434140113,True,
344,E12-06-114 Hall A,24,10.591,4.532,0.369,-0.20942249999999998,0.9153414636234819,0.7713826785552115,15.000000000000009,True,True,,0.07331876961422097,0.06545368943952068,0.08118384978892128,1.2293975039878955,True,
345,E12-06-114 Hall A,24,10.591,4.55,0.36999999999999994,-0.27194461,1.9061701036488163,0.9247053116124689,15.000000000000009,True,True,,0.15414941877620028,0.20051821758904356,0.10778061996335701,1.5028246682284963,True,
346,E12-06-114 Hall A,24,10.591,4.574,0.37200000000000005,-0.335577073,1.1503438414378977,0.33506020072283776,15.000000000000009,True,True,,0.20405073533941454,0.27261933669071353,0.13548213398811557,1.8958679925331252,True,
347,E12-06-114 Hall A,24,10.591,4.585,0.373,-0.398799717,0.979958569603539,0.8528758710915606,15.000000000000009,True,True,,0.1697779791159543,0.2716451669918759,0.06791079124003274,2.3533355580231996,True,
348,E12-06-114 Hall A,24,10.591,4.568,0.371,-0.483372835,0.878111622833082,0.8477607767416225,15.000000000000009,True,True,,0.3142413544058188,0.4411904169529957,0.18729229185864185,3.4911915620289613,True,
349,E12-06-114 Hall A,24,4.487,2.7069999999999994,0.48299999999999993,-0.34805523,0.7297300804931816,0.6063244237803818,15.000000000000009,True,True,,0.41453321434506574,0.11632996229826505,0.7127364663918665,3.1374711196507294,True,
350,E12-06-114 Hall A,24,4.487,2.708,0.48299999999999993,-0.390576327,0.8739900361769622,1.1129919353295514,15.000000000000009,True,True,,0.2464546490698687,0.10250161774857587,0.3904076803911615,2.4720687435206794,True,
351,E12-06-114 Hall A,24,4.487,2.7129999999999996,0.484,-0.435055174,0.6777977022430112,0.49379798187140206,15.000000000000009,True,True,,0.2630743057171161,0.168748436820321,0.3574001746139112,2.8174556390472465,True,
352,E12-06-114 Hall A,24,4.487,2.715,0.48500000000000004,-0.47977747,0.9432883928764673,0.7493218606857915,15.000000000000009,True,True,,0.28235186843045096,0.2813859876012727,0.28331774925962927,3.27137453660544,True,
353,E12-06-114 Hall A,22,4.486999999999998,2.7169999999999996,0.4849999999999998,-0.5398202540000001,2.7287448717285883,0.9317861015570409,45.0,True,False,xsec_surrogate_closure,,,,,False,
354,E12-06-114 Hall A,24,8.851,4.497,0.49700000000000005,-0.40974398900000003,0.989847416455849,0.4386152925832297,15.000000000000009,True,True,,0.06313760065224287,0.014867404867164218,0.11140779643732153,3.7843817814405973,True,
355,E12-06-114 Hall A,24,8.851,4.528,0.501,-0.479541698,1.300013243422482,0.8899522976343528,15.000000000000009,True,True,,0.08014076510775943,0.09305288611875773,0.06722864409676112,3.1742710804033,True,
356,E12-06-114 Hall A,24,8.851,4.558,0.504,-0.547491577,1.0239239507471616,0.9413525023127428,15.000000000000009,True,True,,0.12016065427526808,0.15973500972169438,0.0805862988288418,3.6383078320449425,True,
357,E12-06-114 Hall A,24,8.851,4.573,0.506,-0.613854842,2.3147591765057633,0.7774570233844197,15.000000000000009,True,False,xsec_surrogate_closure,,,,,False,
358,E12-06-114 Hall A,24,8.851,4.593,0.508,-0.707314051,2.6176744604701425,0.566231019378063,15.000000000000009,True,False,xsec_surrogate_closure,,,,,False,
359,E12-06-114 Hall A,24,8.847,5.331,0.482,-0.385372291,0.7502376244694459,0.5849722461956229,15.000000000000009,True,True,,0.017401599390143543,0.007238671199168979,0.027564527581118114,2.209662488289924,True,
360,E12-06-114 Hall A,24,8.847,5.339000000000001,0.48299999999999993,-0.44559886900000006,0.7417378798664161,0.8693069788528143,15.000000000000009,True,True,,0.07145016921252528,0.041991142888004346,0.10090919553704623,1.7633925851190495,True,
361,E12-06-114 Hall A,24,8.847,5.36,0.48500000000000004,-0.508514038,0.7297754792978347,1.1446476167156097,15.000000000000009,True,True,,0.07418350857089846,0.07470677994619851,0.07366023719559844,2.1657524450374472,True,
362,E12-06-114 Hall A,24,8.847,5.3709999999999996,0.486,-0.56958964,0.779349570485075,0.8538849499265723,15.000000000000009,True,True,,0.10795853850386339,0.10443017151736755,0.11148690549035926,2.6314152461384945,True,
363,E12-06-114 Hall A,24,8.847,5.3790000000000004,0.486,-0.654643764,1.5881501576743853,0.8292754758142012,15.000000000000009,True,True,,0.23973710480363705,0.2656464188546538,0.21382779075262037,3.6766373188134893,True,
364,E12-06-114 Hall A,24,10.991999999999999,7.044,0.494,-0.432560756,0.816153050919776,0.8390045289567301,15.000000000000009,True,True,,0.1274765816737943,0.08060534890461091,0.17434781444297767,1.3831001129179001,True,
365,E12-06-114 Hall A,24,10.991999999999999,7.093,0.498,-0.525571333,0.7736063299768521,0.4589721419690223,15.000000000000009,True,True,,0.043238769224856304,0.039127314567118314,0.0473502238825943,2.0114201707353883,True,
366,E12-06-114 Hall A,24,10.991999999999999,7.114999999999999,0.49899999999999994,-0.612896976,0.9863208721411959,1.1059044537767513,15.000000000000009,True,True,,0.06451738651588407,0.09536693548866815,0.033667837543099995,2.596567297766813,True,
367,E12-06-114 Hall A,24,10.991999999999999,7.105999999999999,0.49899999999999994,-0.697854847,0.6040298968209892,0.7686607664953163,15.000000000000009,True,True,,0.13462025952269008,0.15260159763034006,0.11663892141504013,3.1620484893570238,True,
368,E12-06-114 Hall A,23,10.991999999999997,7.102000000000001,0.4979999999999998,-0.8556131640000002,1.4687666183443984,0.7102370090188542,29.999999999999996,True,True,,0.4166671282856923,0.2835696148965851,0.5497646416747993,5.128410061091806,True,
369,E12-06-114 Hall A,24,8.521,5.604,0.61,-0.764596036,0.6292781058844533,0.6579168743730929,15.000000000000009,True,True,,0.056459412870653036,0.09694668371190873,0.015972142029397327,4.669536150080623,True,
370,E12-06-114 Hall A,24,8.521,5.617,0.612,-0.904134479,1.623340782383882,0.3305372376895845,15.000000000000009,True,True,,0.24416571015390817,0.4287801395186284,0.05955128078918786,3.540496120837922,True,
371,E12-06-114 Hall A,24,8.521,5.638000000000001,0.615,-1.048158824,1.0052959438142735,0.5028574619042706,15.000000000000009,True,True,,0.30266491099990317,0.4515146974404382,0.1538151245593683,4.32146748064395,True,
372,E12-06-114 Hall A,24,8.521,5.653,0.617,-1.189621856,1.3428223192013558,0.5631166882806458,15.000000000000009,True,True,,0.2495445802809306,0.3421776398115905,0.15691152075027073,5.661033148587398,True,
373,E12-06-114 Hall A,24,8.521,5.659,0.616,-1.37317495,1.8607811133523724,0.38193350264774883,15.000000000000009,True,True,,0.22639581614280643,0.3727312382622194,0.0800603940233935,7.707708565181585,True,
374,E12-06-114 Hall A,24,10.591,8.44,0.608,-0.791098587,0.8440122762251011,0.7865467923604307,15.000000000000009,True,True,,0.07072963653949256,0.018367771273139127,0.12309150180584598,3.6047335653286923,True,
375,E12-06-114 Hall A,24,10.591,8.453,0.609,-0.91206632,1.2762768889257492,0.7619965902927204,15.000000000000009,True,True,,0.23485223739484815,0.20573402679425964,0.2639704479954366,2.8072918087245347,True,
376,E12-06-114 Hall A,24,10.591,8.481,0.611,-1.037086159,1.3232045066920122,0.701959073690359,15.000000000000009,True,True,,0.327763733206618,0.3216776774180052,0.3338497889952308,3.234133492813675,True,
377,E12-06-114 Hall A,24,10.591,8.501,0.613,-1.163107259,1.0459341765090513,0.7951258479064309,15.000000000000009,True,True,,0.2773504897389045,0.27717979088548594,0.2775211885923231,3.911066420225181,True,
378,E12-06-114 Hall A,24,10.591,8.513,0.613,-1.328234507,0.8481451257893603,1.081276159982669,15.000000000000009,True,True,,0.3731541593695899,0.2820852133776411,0.46422310536153866,5.6768964239824475,True,
