set,experiment,n_common,k,q_squared,x_b,t,xsec_surrogate_chi2,diff_surrogate_chi2,max_phi_gap_deg,both_phi_signs,interpolation_selected,interpolation_exclusion_reason,ReH_local,ImH_local,ReH_local_curvature_err,ImH_local_curvature_err,local_corr_ReH_ImH,local_bkm_chi2,local_bkm_chi2_xsec,local_bkm_chi2_diff,local_jac_condition,extraction_selected
1,E07-007 Hall A,12,5.55,1.51,0.359,-0.17999999999999997,0.436770154003965,0.8306585449262722,30.000000000000018,True,True,,-0.5293718382881565,5.697578162953646,0.3489089407339955,0.17226153658819945,-0.5735692480650857,1.4198422837729776,0.8419149494273079,1.9977696181186477,2.7057420308805247,True
2,E07-007 Hall A,12,5.55,1.51,0.359,-0.23700000000000002,1.1985811380884501,0.3077358763406215,30.000000000000018,True,True,,-0.7284722190423937,5.418295482661805,0.3918072149317766,0.1639280678571239,-0.11439108823335623,1.9565604750391958,2.2003894697958972,1.7127314802824942,2.412567591062282,True
3,E07-007 Hall A,12,5.55,1.5199999999999998,0.36099999999999993,-0.298,0.922204927413774,0.3129446389295286,30.000000000000018,True,True,,-0.07043677227675055,5.2882013548572955,0.4925452045474637,0.18834887889098723,-0.27411448917706843,1.9282006349671381,2.3973138751239067,1.4590873948103689,2.753705077668964,True
4,E07-007 Hall A,24,5.55,1.74,0.359,-0.18299999999999997,1.1694930942444397,0.6519146387420284,15.000000000000009,True,True,,-0.41668115081123,4.959871795294925,0.23751091633612345,0.1377332590364439,-0.5410054075224888,1.9829513940284074,1.0211403995812447,2.9447623884755694,2.306337484740171,True
5,E07-007 Hall A,24,5.55,1.74,0.359,-0.242,0.5636806648883206,0.47032431157791654,15.000000000000009,True,True,,-1.0804586246156926,4.731070839330358,0.2671240194468169,0.12820289143945324,0.12990922898869114,2.8825144446720827,2.8097173555476105,2.9553115337965554,2.111956126296028,False
6,E07-007 Hall A,24,5.55,1.74,0.359,-0.302,0.8129437271426978,0.39803881095260624,15.000000000000009,True,True,,-0.8736105079068458,4.610897647193618,0.32718654196024444,0.14362574475618356,0.23824048525478742,3.7167247647835446,4.1602576200153,3.2731919095517887,2.376849205936554,False
7,E07-007 Hall A,24,5.55,1.75,0.361,-0.363,1.6611965849348724,0.4112511007411242,15.000000000000009,True,True,,-0.021691325561856257,4.6407569761366965,0.38078198122084633,0.14062184101577405,-0.10980195649150291,3.74512057608553,4.37345082387579,3.11679032829527,2.7294919445321875,False
8,E07-007 Hall A,24,5.55,1.9799999999999998,0.357,-0.18200000000000002,0.6775751690905016,0.46288364864622905,15.000000000000009,True,True,,-0.7070353378457002,4.839901929815331,0.15382771872476547,0.09743655237303075,-0.418999373116722,0.35894823045009394,0.2663644968091306,0.4515319640910573,1.9138223299472463,True
9,E07-007 Hall A,24,5.55,1.9799999999999998,0.35600000000000004,-0.242,0.5122679303675935,1.056466318155628,15.000000000000009,True,True,,-1.4013897455856954,4.370122823509954,0.19092367567431084,0.11691493590699185,0.2862521893201458,0.6754198590699212,0.7800821166608595,0.5707576014789829,1.7823999523310627,True
10,E07-007 Hall A,24,5.55,1.9799999999999998,0.35600000000000004,-0.302,1.3372833499385,0.4623622149275403,15.000000000000009,True,True,,-1.322855316514088,4.042916120914952,0.2471896062895584,0.14643383136441873,0.4711748606808069,0.9733630808420037,1.1462375046657665,0.8004886570182407,2.1119381525805307,True
11,E07-007 Hall A,24,5.55,1.99,0.35799999999999993,-0.363,0.699566474795344,0.44997523468272566,15.000000000000009,True,True,,-0.893551331979634,4.045001175993415,0.31086115681718646,0.15203415819888266,0.45088424740587807,1.1783480310684231,1.3337809149418087,1.0229151471950373,2.426574081269239,True
12,E07-007 Hall A,12,3.354999999999999,1.49,0.35700000000000004,-0.17700000000000002,0.3422708070736376,0.5609114457990101,30.000000000000018,True,True,,-1.5733641948406218,3.9831788973453732,0.8395646709158574,0.6410588410052636,-0.14557639142541628,2.947614283429836,2.7646638678911533,3.13056469896852,1.3605302446331209,False
13,E07-007 Hall A,12,3.354999999999999,1.5,0.359,-0.2359999999999999,0.8371185346068378,0.3518602338990405,30.000000000000018,True,True,,-4.796553624471963,2.1569458936717143,0.5179043021456504,0.6702711848085521,0.42156332511797295,2.623997378687421,4.826402127003696,0.42159263037114597,1.6862962981685015,False
15,E07-007 Hall A,24,4.455,1.74,0.357,-0.18099999999999997,0.5820960972435064,0.6973815021603,15.000000000000009,True,True,,-0.8623381569654409,4.996031574954774,0.32207417343149575,0.20988308652305931,-0.35994884442448477,1.665243005746358,0.9197200849325364,2.4107659265601793,1.782144042892744,True
16,E07-007 Hall A,24,4.455,1.74,0.357,-0.24,1.1704424911467768,0.5283990056341021,15.000000000000009,True,True,,-1.8631801146905023,4.438872441764579,0.37604187334730393,0.2404372523981608,0.39667787792074805,2.7599437941180565,2.247387645085158,3.2724999431509545,1.8637570023112187,False
17,E07-007 Hall A,24,4.455,1.74,0.35799999999999993,-0.301,0.6934784084408401,0.6833745369947465,15.000000000000009,True,True,,-1.9865669984676335,3.997495809070633,0.3891188682618631,0.2668060959429613,0.5629705113788172,2.794295097926805,2.979945972168815,2.608644223684795,2.1233003342984267,False
18,E07-007 Hall A,24,4.455,1.76,0.361,-0.363,0.9402845873786504,0.4459072692898067,15.000000000000009,True,True,,-1.7550590203791747,3.841038484924806,0.44482830972909343,0.28089252241265167,0.6161377478175062,2.802862171433499,3.104754185731521,2.500970157135477,2.394731764611367,False
29,e1-DVCS1 Hall B,20,5.75,1.27,0.15399999999999997,-0.11000000000000001,0.5292180090756532,1.0162403052517852,78.98000000000002,True,True,,-2.3970377144656587,7.4307344079633255,0.37684326423588077,0.3433576065319209,0.3271460782570907,0.13727811383596816,0.2421594425227979,0.03239678514913846,1.4227838273091538,True
34,e1-DVCS1 Hall B,20,5.75,1.27,0.15399999999999997,-0.4499999999999999,1.024484105773836,0.471235296011238,82.17999999999998,True,True,,-2.628058339717795,2.251774656019764,0.2784084325898292,0.47823439961522307,0.6887071095205485,0.5258770256820143,1.0027343665361452,0.04901968482788317,2.8171358369160298,True
41,e1-DVCS1 Hall B,24,5.75,1.45,0.18400000000000002,-0.11,0.5614436108573243,0.7297642328498748,15.70000000000001,True,True,,-0.8019464248674062,7.012771657080178,0.23900432995074375,0.22144436837175707,0.3371697238654726,0.06673864164804715,0.042159332555670094,0.09131795074042419,1.4325089523950467,True
42,e1-DVCS1 Hall B,22,5.75,1.4499999999999997,0.18400000000000005,-0.14999999999999997,1.070062955744157,1.1750748772204451,48.539999999999985,True,True,,-1.2419628467965627,6.241915190332103,0.2155413695833326,0.21224587326447403,0.48734856985259745,0.08169613638171068,0.05798492123384531,0.10540735152957605,1.7037310676496882,True
43,e1-DVCS1 Hall B,20,5.75,1.4499999999999997,0.18400000000000002,-0.20000000000000004,0.8484192153339706,1.0220624748183145,77.84000000000003,True,True,,-1.6401461661458638,5.31466639453588,0.29664344468770204,0.2638588020182253,0.505009546183194,0.1157947009544356,0.13178932790436146,0.09980007400450981,1.7672509231053304,True
44,e1-DVCS1 Hall B,20,5.75,1.4499999999999997,0.18400000000000002,-0.25999999999999995,0.7133016483839497,0.9096552282395036,79.65999999999997,True,True,,-1.8766730303186308,4.5266809161551365,0.3152186672976744,0.3245711394840519,0.6349210625399045,0.22100414127742035,0.3222490535293851,0.11975922902545558,2.117616160873379,True
45,e1-DVCS1 Hall B,20,5.75,1.4499999999999997,0.18400000000000002,-0.33999999999999997,1.8021202211032523,1.5301738678565275,80.82000000000002,True,True,,-2.0625017880065397,3.890459322496504,0.40988818777067737,0.4277992746338876,0.6972888170317945,0.45093747985535704,0.7951124207898935,0.10676253892082048,2.3710070838557393,True
46,e1-DVCS1 Hall B,17,5.75,1.45,0.184,-0.45,0.8477725886532815,1.4568205779593122,79.38,True,True,,-2.565470304092674,3.20635148077624,0.5677437200261761,0.6041601106631656,0.6875214873060213,0.9051469488063862,1.6960368195336804,0.11425707807909219,2.3304146692414487,True
53,e1-DVCS1 Hall B,24,5.75,1.64,0.214,-0.11,1.1898691872425724,0.9994972973126788,15.079999999999927,True,True,,1.007466336576075,5.736878251313431,0.3712267063193112,0.31153127479372017,0.19756542200253066,0.1658466343695175,0.1769980640934561,0.15469520464557884,1.3058779126162083,True
54,e1-DVCS1 Hall B,24,5.75,1.64,0.214,-0.15,0.9751560849084647,0.4373907064997245,15.420000000000039,True,True,,0.6275951507743587,5.942349846619936,0.2768559240327132,0.21457081007422252,0.33713119050578483,0.1200746661274887,0.049730927113022565,0.19041840514195485,1.547546665638457,True
55,e1-DVCS1 Hall B,24,5.75,1.64,0.214,-0.20000000000000004,0.7666951046140097,0.7264654052977759,16.519999999999975,True,True,,-0.6408321945491219,5.243913015621043,0.3395658684175546,0.26583894003308034,0.4769549641751721,0.18891533730342472,0.20070233216751476,0.1771283424393347,1.7832302512455442,True
56,e1-DVCS1 Hall B,22,5.75,1.64,0.21400000000000005,-0.25999999999999995,0.8967557703474287,0.6142149249882277,50.380000000000045,True,True,,-0.9026343240105714,4.743843986965177,0.3755147017073678,0.2868504126764977,0.5847727332592484,0.2805258357135194,0.33690098208658353,0.22415068934045534,2.0730876830361376,True
57,e1-DVCS1 Hall B,19,5.75,1.64,0.214,-0.34,0.2949182694836202,1.0267507742124027,75.94000000000004,True,True,,-1.4868159073639216,4.2472856921209035,0.5357761655201363,0.37579462770782196,0.589466232360633,0.47105486495302734,0.7327656332032513,0.2093440967028037,2.173066713058111,True
59,e1-DVCS1 Hall B,21,5.75,1.8800000000000001,0.215,-0.11,1.458371252982487,0.8319023135648723,46.32000000000007,True,True,,3.4287305145965346,5.885848916990208,0.5411916605927447,0.3133587762003006,0.15734442020453204,0.10535415533766362,0.14594351416002083,0.06476479651530642,1.7702924082444316,True
60,e1-DVCS1 Hall B,20,5.75,1.8800000000000001,0.215,-0.14999999999999997,0.5570198060716456,0.7188460759199102,77.96000000000001,True,True,,0.7282841066350141,6.1944428562961775,0.4990227051389452,0.36334767893462333,0.32267136636817334,0.1915543755901563,0.30481909805493496,0.07828965312537768,1.5922330397005946,True
66,e1-DVCS1 Hall B,24,5.75,1.79,0.244,-0.15,0.4069907392152003,0.8618407317830296,15.079999999999927,True,True,,0.7365291477055755,4.783370381371673,0.2606797731174332,0.19265711578744305,0.07108149033419381,0.0798139927858808,0.048494127908585205,0.11113385766317642,1.3646494187437725,True
67,e1-DVCS1 Hall B,23,5.75,1.7899999999999998,0.24399999999999994,-0.20000000000000007,1.0519596996744425,0.9288402797880642,30.14999999999998,True,True,,0.8011856243990577,4.871750582324786,0.28469067813680077,0.18629943184964637,0.25422142144354265,0.10420262246991122,0.07048467044784294,0.13792057449197948,1.6509595399182992,True
68,e1-DVCS1 Hall B,24,5.75,1.79,0.244,-0.26,0.585103224470901,0.965325079379132,15.880000000000049,True,True,,-0.23675701978034247,4.609801942391206,0.359727098904057,0.23271188534052048,0.3161432223060114,0.20753646729584094,0.24461155411515537,0.17046138047652648,1.7348337985479871,True
69,e1-DVCS1 Hall B,19,5.75,1.7999999999999998,0.24399999999999997,-0.34,0.805409759114899,0.8077168444299682,48.420000000000044,True,True,,-0.843251551072099,4.274387267986045,0.5975112483237284,0.3116249771284209,0.32317669322963516,0.40680215394036096,0.6052109307549587,0.2083933771257632,2.1013588591993906,True
71,e1-DVCS1 Hall B,24,5.75,2.12,0.244,-0.11,1.5584292408000484,0.7425937028606829,15.079999999999956,True,True,,0.3740455520158521,3.824404517857724,1.6597723075675417,1.2131077445141567,0.042989617185436244,1.4835731590557941,2.853986819914842,0.1131594981967466,1.3723540842767126,True
72,e1-DVCS1 Hall B,24,5.75,2.12,0.245,-0.15,0.8377166268881298,1.0588012597797167,15.340000000000055,True,True,,3.2960675228181864,4.629492409062447,0.4481484861412989,0.2756824514293929,0.1367918745763788,0.12369129452291146,0.17043653975152276,0.07694604929430014,1.659386475855753,True
73,e1-DVCS1 Hall B,20,5.75,2.1199999999999997,0.24500000000000002,-0.20000000000000004,0.5683886480926316,0.8109609375295725,76.34000000000003,True,True,,2.8260637240559907,5.580790543045519,0.6836748928356003,0.3841472583426159,0.3607417962994088,0.25951340590558464,0.37426995226057047,0.1447568595505989,2.014180346025426,True
74,e1-DVCS1 Hall B,20,5.75,2.1199999999999997,0.24500000000000002,-0.25999999999999995,0.32216089600020464,1.347365102259243,77.74000000000001,True,True,,0.942151131974477,5.055394426203422,0.6946176637915537,0.43797358195962427,0.4858739994413825,0.43048872955615175,0.6658129361060774,0.19516452300622622,2.0475829283485543,True
75,e1-DVCS1 Hall B,20,5.75,2.1199999999999997,0.24500000000000002,-0.33999999999999997,0.8068276344120227,0.5219954499701464,79.98000000000002,True,True,,0.15906872356107232,4.257902910548791,0.542453511879944,0.378803703888871,0.5785885617682357,0.3875983544535605,0.6061219762649819,0.1690747326421393,2.1459190868085587,True
79,e1-DVCS1 Hall B,22,5.75,1.9399999999999993,0.274,-0.20000000000000007,0.7886819836139961,0.9397762267060416,30.14999999999998,True,True,,0.5467303783163776,4.2388685195582685,0.14510328743978243,0.11743131230892107,-0.055567816517862044,0.029402582117871653,0.011295144401419576,0.04751001983432372,1.2446904365411187,True
85,e1-DVCS1 Hall B,23,5.75,2.3500000000000005,0.27500000000000013,-0.20000000000000007,0.8968075963998835,0.7825141945852173,30.119999999999983,True,True,,2.8455893329476436,4.250119072717035,0.3037756238068384,0.1805548648819521,0.10570119760241797,0.06050989755984975,0.03997264347417988,0.08104715164551961,1.7021648105964584,True
86,e1-DVCS1 Hall B,22,5.75,2.3500000000000005,0.27500000000000013,-0.25999999999999995,0.47644461775134983,0.835828573067537,46.63999999999992,True,True,,5.908311058478262,4.735578937329193,0.5816875121319096,0.2412198280609061,-0.13250638317710833,0.16546570825677398,0.1619479010452292,0.1689835154683188,2.44172717847026,True
87,e1-DVCS1 Hall B,20,5.75,2.3500000000000005,0.2750000000000001,-0.33999999999999997,0.9017414259226536,0.7446959625249614,76.32000000000002,True,True,,7.172607039976869,4.025111316149455,0.4217806489282093,0.23858337579884734,-0.4614885668515839,0.16678196128791256,0.1768167268261778,0.15674719574964732,2.169401039687242,True
88,e1-DVCS1 Hall B,20,5.75,2.3500000000000005,0.2750000000000001,-0.4499999999999999,0.6431464528923285,1.635398855933489,77.60000000000002,True,True,,-0.18248295309155985,3.2069912114091292,0.4779852236799707,0.2587538105666145,0.5088965069322782,0.24585929747084587,0.37288986682693614,0.1188287281147556,2.3490730489452867,True
91,e1-DVCS1 Hall B,21,5.75,2.1000000000000005,0.30400000000000005,-0.20000000000000004,0.2608682158334605,0.6391510243751767,45.20000000000004,True,True,,-0.7379530608827876,4.22139784824058,0.10900316186564693,0.10288374052625843,-0.09976203104163643,0.01596732001829217,0.001761478809619632,0.030173161226964715,1.122571023179247,True
97,e1-DVCS1 Hall B,24,5.75,2.58,0.304,-0.20000000000000004,0.7476588376181134,1.0101980456610031,15.060000000000056,True,True,,-0.13445597701106063,3.286971282442748,0.5575944934108066,0.4523067128551337,0.11495849952284598,0.2880859369754123,0.48860352694048087,0.0875683470103437,1.270510951943175,True
98,e1-DVCS1 Hall B,24,5.75,2.58,0.305,-0.26,0.5041761604935692,1.2113801118665501,15.360000000000069,True,True,,2.071376414344194,4.163398052316852,0.26738294963015813,0.15517189355073333,0.17522216165191498,0.06229611582643394,0.028940999040785547,0.09565123261208235,1.776893454958704,True
99,e1-DVCS1 Hall B,22,5.75,2.5799999999999996,0.30499999999999994,-0.33999999999999997,0.6664728391605534,0.8661816831315232,46.98000000000001,True,True,,3.0707705431154153,4.0782434605199995,0.44030074687278975,0.1853376386066533,0.045035056658715475,0.11804757268036453,0.10104576050475739,0.13504938485597173,2.3791191162093295,True
100,e1-DVCS1 Hall B,20,5.75,2.5799999999999996,0.30499999999999994,-0.4499999999999999,0.815961634079591,1.0189387984066645,76.36000000000003,True,True,,4.830044533574623,3.1158730395817305,0.3166697863111924,0.17191562305484118,-0.44073335716296036,0.09571458701567898,0.09081699056964425,0.1006121834617137,2.2029084790846207,True
107,e1-DVCS1 Hall B,24,5.75,2.78,0.335,-0.20000000000000004,0.7838291202621207,0.7869668705846641,15.06000000000008,True,True,,-3.334157014157931,3.000111778926643,0.5250349264671101,0.4752626076229361,0.0463051867331086,0.1913957126815744,0.3431552045719193,0.039636220791229575,1.1161458411173524,True
108,e1-DVCS1 Hall B,24,5.75,2.78,0.335,-0.26,0.5074906738684463,0.9271007484521036,15.200000000000012,True,True,,-0.17314118226780614,3.8382523960154797,0.15825011475686768,0.12551258602503454,0.22014559888066743,0.03249420737268711,0.005533597627507172,0.05945481711786705,1.3820558100873515,True
109,e1-DVCS1 Hall B,24,5.75,2.78,0.335,-0.34,0.5059380135744419,0.8265591548537675,15.440000000000026,True,True,,1.4531479902015192,3.813016590357869,0.2307370836772131,0.14480423133219458,0.11966516077528203,0.06337536872420994,0.04503512065570412,0.08171561679271577,1.6196850675462968,True
110,e1-DVCS1 Hall B,22,5.75,2.7800000000000002,0.335,-0.44999999999999984,0.254061072919809,1.2407226459518326,46.86000000000007,True,True,,2.359407918247121,3.462426348760573,0.36376457331407314,0.1541886622753173,-0.13612732483015694,0.1080642079687331,0.09277122605076671,0.12335718988669947,2.39100232623554,True
116,e1-DVCS1 Hall B,20,5.75,2.9699999999999998,0.36500000000000005,-0.25999999999999995,0.6359183601108672,0.9383682087735256,60.199999999999996,True,True,,-1.9888631162194108,3.845522388229571,0.14628465625118584,0.119653423566185,0.022370992337201436,0.016661701062934374,0.01989070347859103,0.013432698647277716,1.2241092068278359,True
117,e1-DVCS1 Hall B,24,5.75,2.97,0.365,-0.34,0.6207504772550302,1.0484937847643871,15.060000000000056,True,True,,0.03837582745578466,3.729217711235113,0.17668204873260465,0.12004738049110736,0.16724019732754108,0.04031528380611853,0.01907619672931223,0.061554370882924835,1.5271313220796428,True
118,e1-DVCS1 Hall B,23,5.75,2.97,0.36500000000000005,-0.44999999999999984,0.7547405393194325,1.3316969171141044,30.139999999999983,True,True,,0.947257494492999,3.4843044332488278,0.23745070806474047,0.13991865096371464,0.06687377918872327,0.09146485335089624,0.08094634672667701,0.10198335997511547,1.7049013921473595,True
125,e1-DVCS1 Hall B,21,5.75,3.18,0.4000000000000001,-0.33999999999999997,0.44951212586892664,0.9582603004840002,45.13999999999999,True,True,,-0.7128436787519578,3.6313025201172873,0.16918141832906322,0.14314349204627502,-0.13799923131359593,0.04226446830912729,0.04987752571896637,0.034651410899288214,1.2432292650423435,True
126,e1-DVCS1 Hall B,22,5.75,3.18,0.40000000000000013,-0.44999999999999984,0.45571961147851087,0.880062641029883,30.129999999999985,True,True,,0.37085891375171426,3.373003512026939,0.18776506915252333,0.13366687653432122,-0.016965833033767894,0.07661348425252837,0.06954599924959261,0.08368096925546417,1.4053414682197847,True
138,E00-110 Hall A,24,5.7572,1.82,0.343,-0.17200000000000001,0.8033038325607526,0.35222671689669466,15.000000000000009,True,True,,-0.8331509207203316,4.924281183891885,0.11147338621302326,0.06797441138274966,-0.3306857390363752,0.5390717072011343,0.7922192242086249,0.28592419019364373,1.8404919072207142,True
139,E00-110 Hall A,24,5.7572,1.933,0.36800000000000005,-0.232,0.841428798586059,0.49087353965375896,15.000000000000009,True,True,,-0.9900714009490945,4.612245901998244,0.147255139258898,0.06549486219965799,0.11908256110536916,0.6549819143451717,1.031047975397003,0.2789158532933404,2.272344163351272,True
140,E00-110 Hall A,24,5.7572,1.9639999999999997,0.375,-0.278,0.6577741002101382,0.6800347639864818,15.000000000000009,True,True,,-0.9772166985898398,4.2858611460742795,0.17872499236457032,0.08132470287999496,0.3013783065739541,0.6640964080260753,0.9723332617577817,0.35585955429436894,2.3579547567599213,True
141,E00-110 Hall A,24,5.7572,1.986,0.379,-0.323,0.7840853729568072,1.3302313086235333,15.000000000000009,True,True,,-0.6307099685137494,4.205242169480394,0.2380651624651765,0.08189823966915095,0.3817707735087331,0.5904238357743874,0.721107932881815,0.4597397386669598,3.2052799219734536,True
142,E00-110 Hall A,24,5.7572,1.9989999999999999,0.381,-0.371,1.1216336840210317,0.5373133284804921,15.000000000000009,True,True,,0.25620422677631416,4.224992502874004,0.3026374741829181,0.08281753115994864,-0.2391756086067594,0.4675992577778943,0.4886606127205894,0.4465379028351992,3.7808397019289974,True
143,E00-110 Hall A,24,5.7572,2.012,0.37799999999999995,-0.19200000000000003,0.44722392774905684,0.7118522374598325,15.000000000000009,True,True,,0.024689515881783662,4.5168198020063315,0.12969256873891696,0.10108794559936612,-0.7766520780578172,0.07238295468576245,0.04719199125294506,0.09757391811857984,2.9330956554505443,True
144,E00-110 Hall A,24,5.7572,2.054,0.39200000000000007,-0.233,0.7151590381458489,0.7205913439805475,15.000000000000009,True,True,,-1.0225608030544182,4.605438619817182,0.11364803287260566,0.053927794138978,-0.24305312052228314,0.16305894550821082,0.18920883274578695,0.1369090582706347,2.2090644540966133,True
145,E00-110 Hall A,24,5.7572,2.074,0.39799999999999996,-0.279,0.7579897041134718,0.4300600283111338,15.000000000000009,True,True,,-1.3132491822576604,4.198051522234888,0.11883117905710203,0.06136171178431241,0.14704351583722003,0.1871742896019661,0.2942586099441252,0.08008996925980699,1.9730809448359323,True
146,E00-110 Hall A,24,5.7572,2.084,0.4000000000000001,-0.324,0.79731782179286,0.6561185475572482,15.000000000000009,True,True,,-1.0979691765642243,4.024401950726749,0.16957188697628253,0.07384879402571463,0.3553679184159755,0.2350185838866765,0.3090777252077629,0.16095944256559017,2.526690056757373,True
147,E00-110 Hall A,24,5.7572,2.091,0.401,-0.371,0.5781155943777323,0.5151847746014117,15.000000000000009,True,True,,-0.6129629158440846,4.039177622219087,0.23924136471849136,0.08530514978533196,0.1656041138987454,0.24498672234157862,0.251271075116752,0.23870236956640523,2.855110726840936,True
148,E00-110 Hall A,24,5.7572,2.161,0.336,-0.171,1.3834576709154731,0.7022562239372885,15.000000000000009,True,True,,-1.3686162487825373,4.531917976392252,0.08827568987022635,0.07294952346724726,-0.03298476809011544,0.15661393365794177,0.2532925670448403,0.05993530027104324,1.2135679270253081,True
149,E00-110 Hall A,24,5.7572,2.19,0.342,-0.231,1.301712568005011,1.1588575568913229,15.000000000000009,True,True,,-1.251206005501367,4.496465899927186,0.14544527219632747,0.09389043875410705,0.4099388390684287,0.22146396665675017,0.26391635090222515,0.17901158241127516,1.8718744667607201,True
150,E00-110 Hall A,20,5.757199999999999,2.1910000000000003,0.34199999999999997,-0.32399999999999995,1.5449378003191074,0.8177618943350646,75.0,True,True,,-0.5054500387647537,4.1644240258968415,0.29923353352738846,0.12539094712007828,0.6681590408001657,0.23119866146209142,0.15678782193918514,0.3056095009849977,3.483607011598064,True
151,E00-110 Hall A,20,5.757199999999999,2.1929999999999996,0.34199999999999997,-0.3710000000000001,0.5515899690552475,0.8478117008228656,75.0,True,True,,0.3282787911060569,4.173847177423404,0.43048759606115766,0.10766461679242786,0.4941440340303716,0.22319440825332132,0.10032052358581237,0.3460682929208302,4.672826348905163,True
152,E00-110 Hall A,20,5.757199999999999,2.1940000000000004,0.343,-0.27800000000000014,1.5300157763269162,0.5737309588728113,75.0,True,True,,-0.8260287089722521,4.267771722043119,0.22747523493169466,0.115505626614342,0.5867232300994207,0.25679293878696696,0.1902579684833371,0.32332790909059694,2.6868386837695852,True
153,E00-110 Hall A,24,5.7572,2.218,0.345,-0.17600000000000002,0.9289780544207543,0.6498120622884259,15.000000000000009,True,True,,-1.2409482991019352,4.8749508306034315,0.10407993436297129,0.07629602002681381,-0.14252109726473514,0.25697941865159496,0.40273212849515655,0.11122670880803331,1.4092377120078605,True
154,E00-110 Hall A,24,5.7572,2.318,0.363,-0.232,0.7146147166840575,0.7663376837300525,15.000000000000009,True,True,,-1.3122438751122003,4.978981730644897,0.16524302968461738,0.09230119783306137,0.2641846986224599,0.5934027413638102,0.6380209023376017,0.5487845803900189,1.9124788777710626,True
155,E00-110 Hall A,24,5.7572,2.348,0.36800000000000005,-0.279,1.6381569546652246,0.559192404787031,15.000000000000009,True,True,,-1.3395920369460628,4.399237576529347,0.18072184983829917,0.10441449874461826,0.4957454662881485,0.5181282315160444,0.5233735935627303,0.5128828694693586,2.2046242015941293,True
156,E00-110 Hall A,24,5.7572,2.36,0.371,-0.325,1.0248685659893477,1.0888418183394333,15.000000000000009,True,True,,-1.197829108215055,4.085800425217619,0.19360681443068392,0.1073893712678678,0.5921864637237856,0.4443237767182018,0.433428248696439,0.4552193047399647,2.5305173166354167,True
157,E00-110 Hall A,24,5.7572,2.375,0.373,-0.37200000000000005,0.5162713796967547,1.0887911413154219,15.000000000000009,True,True,,-0.8339538974483347,3.976962115746509,0.23658673354580848,0.11125501707773261,0.6017975820214516,0.43038617382899474,0.3570457699542904,0.5037265777036991,2.9075287135608,True
163,e1-DVCS2 Hall B,20,5.879999999999999,1.1302999999999999,0.125,-0.4465,1.6007148633641208,0.8534497010904871,75.0,True,True,,-2.239267239254087,2.0946270257052055,0.11324565399209617,0.15092261472222912,0.4293604712692584,0.2528957461603047,0.3915225330872597,0.11426895923334976,1.7276607130027153,True
164,e1-DVCS2 Hall B,20,5.879999999999999,1.1308,0.1251,-0.6041,1.4095218169281543,1.06491715318664,45.79999999999999,True,True,,-1.4679407365246453,0.6993428433461761,0.0970806017898346,0.16934511803157798,0.3069053205505906,0.3149795636431117,0.5798728325469903,0.05008629473923313,1.9122144108373549,True
165,e1-DVCS2 Hall B,21,5.879999999999999,1.1311428571428568,0.12528571428571428,-0.8628571428571428,1.6544781679540412,1.0990861477206422,30.199999999999978,True,True,,-0.5965625386130604,0.29378991662580856,0.08190768131899853,0.12596117518178662,0.2331929241039392,0.22105567452059957,0.42175926137573744,0.020352087665461708,1.6406107191883759,True
167,e1-DVCS2 Hall B,19,5.879999999999999,1.3003684210526316,0.15410526315789472,-0.10821052631578948,1.7312722637191158,1.4858765465907977,75.39999999999998,True,True,,-2.189363959723209,5.9790216315565,0.7882071963514713,0.4201335393990832,0.14719634621311392,0.521433063299625,0.9783896604004184,0.06447646619883156,1.9128666899130546,True
172,e1-DVCS2 Hall B,20,5.879999999999999,1.3024,0.15419999999999998,-0.44699999999999995,1.9803160554575356,1.4223324161883226,74.20000000000002,True,True,,-2.5765719814700896,2.270228611261381,0.22074616714297365,0.28190150726122887,0.5056090261849209,0.5469269268944543,1.0208090574497954,0.07304479633911311,1.8461177474085344,True
182,e1-DVCS2 Hall B,20,5.879999999999999,1.4269999999999998,0.15600000000000003,-0.6032999999999998,1.1512765567237329,1.411144015134521,73.39999999999998,True,True,,-1.3356744500645399,1.4241278436945066,0.17794163436474342,0.25727381237008495,0.5152977352321154,0.5613939717481858,1.0302600632228627,0.09252788027350889,1.9921290181778653,True
186,e1-DVCS2 Hall B,22,5.879999999999999,1.4870909090909095,0.1841818181818182,-0.15309090909090908,1.6422736791367667,1.8470892777724643,45.599999999999966,True,True,,-1.479430698510421,5.537437727497243,0.33471329357113644,0.1980986251518453,0.23785603307465913,0.21581832166038203,0.11301757891374535,0.31861906440701876,1.7903316031429963,True
188,e1-DVCS2 Hall B,20,5.879999999999999,1.4878,0.1841,-0.26210000000000006,1.5852405937819904,1.9031434557990934,74.20000000000002,True,True,,-1.9756301960513327,4.077723687473796,0.2677913358087751,0.20190468078990254,0.4053523248843951,0.29651628416028164,0.35090557651665477,0.24212699180390856,1.6806019287978458,True
189,e1-DVCS2 Hall B,20,5.879999999999999,1.4881000000000002,0.1841,-0.3405,1.6393096628782278,1.2443369620856026,74.0,True,True,,-2.1834830634483366,3.5964156254322184,0.2961672719492421,0.2667547288352576,0.5304951035524753,0.4854864677571399,0.784804627287468,0.18616830822681182,1.8240436947836132,True
190,e1-DVCS2 Hall B,20,5.879999999999999,1.4882,0.1841,-0.4473,1.9543398033527517,1.710449273762102,73.20000000000003,True,True,,-2.219072180594141,2.869481714085418,0.32892470171781113,0.32773578802159514,0.5948407838178845,0.7994568016191415,1.456502180576284,0.142411422661999,1.9840407691099131,True
200,e1-DVCS2 Hall B,19,5.879999999999999,1.670578947368421,0.185,-0.6039999999999999,1.7997009606129528,1.5815400638637205,73.39999999999998,True,True,,-1.2353161701600293,1.944872518394209,0.26986240461574657,0.2427484876822476,0.46705031842198497,0.7700833018399748,1.3549100082895114,0.18525659539043812,1.6789258394223812,True
202,e1-DVCS2 Hall B,16,5.88,1.6673749999999998,0.18562499999999998,-1.3792499999999999,1.3912091977675947,0.6080628816672917,75.39999999999993,True,True,,-0.9159769618069106,0.25310503817541974,0.14431984970770934,0.22338660997762724,0.2571806114104585,0.5341196250162812,1.065017343932992,0.003221906099570493,1.6722963453922153,True
205,e1-DVCS2 Hall B,22,5.879999999999999,1.6848181818181815,0.21400000000000005,-0.20327272727272724,1.9204965334692365,1.5134694730528897,44.79999999999999,True,True,,-0.7501316809831677,4.754571210346234,0.3187720711422269,0.19910068000619924,0.3520364889964522,0.3506584904398801,0.18208254404254157,0.5192344368372187,1.8320146367778456,True
206,e1-DVCS2 Hall B,20,5.879999999999999,1.6855999999999998,0.21400000000000002,-0.2622,1.9551566228639559,1.9067007125221713,73.60000000000002,True,True,,-1.2180345178091234,4.186413728231978,0.29554020771984996,0.21349418950467555,0.48009060267819575,0.39755847788818494,0.3548663705445188,0.44025058523185123,1.8655043934893998,True
207,e1-DVCS2 Hall B,19,5.879999999999999,1.685526315789474,0.2142105263157895,-0.34063157894736845,1.0230276411472687,1.2836495045106766,73.20000000000003,True,True,,-1.8379860242328843,3.620770713160025,0.39791043641946117,0.24871435402054495,0.42427957571199143,0.5789987612229743,0.8902514710930469,0.2677460513529018,1.9421362145997996,True
208,e1-DVCS2 Hall B,16,5.88,1.685,0.214625,-0.4475,0.8897152892868431,1.4662418265237553,75.39999999999999,True,True,,-2.622812053336798,3.156331228610262,0.5509982711476746,0.3273480411065013,0.39591415488654064,0.9989895133065257,1.8034960258945432,0.19448300071850816,1.9731613408361304,True
211,e1-DVCS2 Hall B,17,5.88,1.6822941176470587,0.21494117647058822,-1.3808235294117648,1.1792494298556022,0.9685972185054756,60.49999999999999,True,True,,-1.0584679070911318,0.30893081320108584,0.1319116139366038,0.20389766788241442,0.3315995495420119,0.37323067124814663,0.7422991315436155,0.00416221095267771,1.7540587805358112,True
212,e1-DVCS2 Hall B,22,5.879999999999999,1.931,0.21490909090909094,-0.10854545454545454,1.8210330041808993,1.594569903769508,45.400000000000034,True,True,,4.302344378533543,5.272879547180819,0.8235562140639411,0.36203261610670917,0.10025501174772664,0.42042492129231623,0.7241349976830256,0.11671484490160658,2.2918194396227816,True
213,e1-DVCS2 Hall B,20,5.879999999999999,1.9325999999999997,0.215,-0.15309999999999999,0.9448886239243561,1.4989970428790629,75.8,True,True,,1.1849584937199005,5.63830693221391,0.4671026186115483,0.23196217033995384,0.19391641365733478,0.2572500334050857,0.33416070572270484,0.18033936108746654,2.0775314730936567,True
219,e1-DVCS2 Hall B,18,5.879999999999999,1.9312222222222222,0.21499999999999997,-0.8682777777777777,1.897176175917428,1.1647126301770847,75.40000000000002,True,True,,-0.871451948878948,0.9469722746203753,0.18056245315580496,0.11950679524553952,0.2860770362224596,0.21132786900178085,0.3245609474553246,0.09809479054823714,1.6680039341202486,True
225,e1-DVCS2 Hall B,19,5.879999999999999,1.8476315789473687,0.244578947368421,-0.3411578947368421,1.9062136203047435,1.095869971793517,59.09999999999999,True,True,,-0.5470294086260219,3.8539399289867333,0.5674228600830022,0.21277333967924122,0.2335700320808347,0.4488422123950993,0.6295855702586488,0.2680988545315498,2.7668891593711655,True
229,e1-DVCS2 Hall B,17,5.88,1.8435882352941175,0.24452941176470588,-1.3872941176470588,1.3981933556096904,0.963026522151281,75.69999999999999,True,True,,-0.8435060056955597,0.39756775906152514,0.17044938315853464,0.25509860417806196,0.492705496973613,0.7304127425435127,1.4521758433113536,0.008649641775671856,1.9835660924774987,True
230,e1-DVCS2 Hall B,22,5.879999999999999,2.1735909090909087,0.2445454545454545,-0.10927272727272724,1.2228395473463587,1.514047487155616,30.100000000000012,True,True,,2.139862628972528,3.3063913987258875,2.1851099608443194,1.0663311566980787,0.03904991196864971,5.116671289608108,9.997809082356893,0.23553349685932387,2.0517262152775926,False
231,e1-DVCS2 Hall B,24,5.88,2.1675,0.245,-0.15325,1.6933196222309614,1.9539173511013248,15.200000000000012,True,True,,4.438752874727153,4.51099442757794,0.48441147136181784,0.22065519118196406,0.1490446158375299,0.3455873813353893,0.3861672840482697,0.3050074786225088,2.232949104401208,True
234,e1-DVCS2 Hall B,20,5.879999999999999,2.1721999999999997,0.24509999999999996,-0.34060000000000007,1.6196214602130208,1.4208580080227162,76.20000000000002,True,True,,-0.15813242488882118,3.7574826660447838,0.42275651962405775,0.24703267318627758,0.39196336109545704,0.5921593324803769,0.8145565491441168,0.369762115816637,1.9937968431384847,True
247,e1-DVCS2 Hall B,13,5.88,1.990076923076923,0.27492307692307694,-1.401923076923077,0.6840336402999553,0.7598819022690066,75.9,True,True,,-0.8606572257705033,0.5520825224945813,0.22341979008287446,0.3000414332013357,0.5423212009001108,0.9708504207262787,1.9252534549637657,0.016447386488792053,1.9795382746551495,True
249,e1-DVCS2 Hall B,24,5.88,2.4124166666666667,0.27466666666666667,-0.15358333333333332,1.3829189032775016,1.2523233476909303,15.10000000000004,True,True,,1.7798813481656486,3.3288771211457164,1.396271766632775,0.5997321970791276,0.05838897045828003,3.3041223680475666,6.30363899933976,0.30460573675537217,2.3339346116185657,False
251,e1-DVCS2 Hall B,22,5.879999999999999,2.4038181818181816,0.27500000000000013,-0.2622727272727273,1.968509602862588,1.5467462999545907,45.400000000000034,True,True,,3.426132575585446,4.483959672924028,0.7071946523706922,0.2258157525407064,0.20762953907786602,0.5851670651965698,0.5825583346216322,0.5877757957715073,3.2170870999100134,True
254,e1-DVCS2 Hall B,15,5.879999999999999,2.4075333333333333,0.275,-0.6055333333333335,1.5121397484721275,0.8039868586954196,88.69999999999999,True,True,,-0.7481244784483569,2.192346842949711,0.4184378503536096,0.20034888889029137,0.37149776521848615,0.5619041365757,0.9434980001557485,0.18031027299565158,2.337424655160635,True
263,e1-DVCS2 Hall B,18,5.879999999999999,2.1629444444444443,0.3048888888888889,-0.6072222222222223,0.9757281885189312,1.1613147681544937,45.300000000000004,True,True,,2.8694861350861904,2.3835920871944745,0.2786107051567382,0.20569268880448094,-0.3518946385924161,0.5569030714858144,1.0431307679985893,0.0706753749730399,1.6175697850540152,True
265,e1-DVCS2 Hall B,17,5.88,2.1554117647058826,0.3045882352941176,-1.4151764705882353,1.3733172099689936,0.5103315552417412,45.59999999999995,True,True,,-1.0787107870168624,0.7289277654900543,0.211484674129751,0.23644154893770222,0.4813197443497058,0.8498859045650416,1.6568729699920097,0.04289883913807368,1.711671179609219,True
267,e1-DVCS2 Hall B,20,5.879999999999999,2.6536999999999997,0.3042000000000001,-0.1543,1.3884568469075844,1.149060888276046,75.20000000000006,True,True,,-6.778384585242819,2.880606571502816,1.5496262632386075,0.8660809698734185,-0.01523247642987885,2.9935917431178756,5.90162702792882,0.08555645830693247,1.7896356735279064,False
268,e1-DVCS2 Hall B,24,5.88,2.6525,0.3045833333333334,-0.20366666666666666,1.773684669509451,1.4641251855332644,15.10000000000004,True,True,,0.4296185191707478,3.5119923422547763,0.5878906210945096,0.30673886249289334,0.07889757267873689,0.5895995724637423,0.9922524133869653,0.186946731540519,1.9270391590289224,True
271,e1-DVCS2 Hall B,20,5.879999999999999,2.6497,0.30499999999999994,-0.4478,1.7372223145597274,1.2842893172742273,74.60000000000002,True,True,,5.23661993510656,2.89167145157362,0.3097967788938231,0.14648941002630306,-0.35354247451703363,0.24349888492885902,0.24279071968707133,0.24420705017064676,2.3387343349451792,True
281,e1-DVCS2 Hall B,19,5.879999999999999,2.2957894736842106,0.3347894736842105,-0.6079473684210526,1.2938415325491701,1.6690659258590792,45.2,True,True,,1.247108752095856,2.6094817713043668,0.356274599389781,0.22411773274252794,-0.23198295502255267,0.5958642567690077,1.0962984375262097,0.09543007601180611,1.688836269697195,True
282,e1-DVCS2 Hall B,16,5.88,2.29625,0.3349375,-0.872125,1.0672698093319701,1.1406369786693777,58.39999999999998,True,True,,1.9127094526856572,1.51122815526819,0.19149684782667056,0.1781780848681229,-0.438243884806101,0.3635894670579376,0.706927217953642,0.020251716162233178,1.6095377777729993,True
283,e1-DVCS2 Hall B,18,5.879999999999999,2.2855555555555553,0.33461111111111114,-1.4262777777777778,1.1670189857659166,1.3514501971628157,60.69999999999999,True,True,,-1.1509158143094018,0.7184839335994222,0.20013417369219444,0.2465439948948351,0.3808011478172973,0.8326623188526979,1.644847317756513,0.020477319948883174,1.5754230203161954,True
289,e1-DVCS2 Hall B,19,5.879999999999999,2.853105263157895,0.335,-0.6061578947368421,1.6402094929742645,1.1413650981059142,73.60000000000002,True,True,,4.021760061020372,2.233478473995616,0.14755874733361257,0.09632446677546688,-0.47596810587372057,0.13252672260256118,0.13749259354083654,0.1275608516642858,1.9787344843035928,True
298,e1-DVCS2 Hall B,17,5.88,2.4210588235294117,0.3649411764705882,-0.8754117647058822,0.96052156990335,0.4856301468897365,45.39999999999998,True,True,,1.582868785632029,1.6503624899343043,0.16966489535977583,0.1494447235118622,-0.40200128424732007,0.23615152435138206,0.4522652029555479,0.020037845747216246,1.5614446971286315,True
299,e1-DVCS2 Hall B,15,5.879999999999999,2.4166666666666665,0.36486666666666673,-1.4036,0.9249341098922372,0.8635155586378415,59.500000000000014,True,True,,-0.45936677342898563,0.96457080662256,0.21770726248215314,0.16986371165141043,0.3208767985228525,0.6117424058111437,1.1645751120527008,0.058909699569586645,1.518449614592405,True
303,e1-DVCS2 Hall B,23,5.879999999999999,3.0536086956521733,0.36465217391304355,-0.34195652173913044,0.8669954224705573,1.6052223877535148,30.100000000000037,True,True,,0.5790373936530925,3.403807898393936,0.22746147308158407,0.11835838401064327,0.02308428465474955,0.12358764093643303,0.0695194286819604,0.17765585319090563,1.9226952816668017,True
305,e1-DVCS2 Hall B,20,5.879999999999999,3.0394499999999995,0.36500000000000005,-0.6067,1.8281269903500792,1.5695279283407058,45.79999999999999,True,True,,3.3314781558447257,2.3154549348205666,0.21094887895578948,0.12467038803751011,-0.3888224567715568,0.25763268253720384,0.33988881079075706,0.17537655428365057,1.9705752413228812,True
313,e1-DVCS2 Hall B,16,5.88,2.5495,0.3995,-0.8785000000000001,1.0147145169696627,1.501777283252102,60.5,True,True,,0.8495607418695533,1.8200739057572324,0.27945956167058816,0.2360405094917535,-0.23049682563235646,0.8141184661100054,1.5650391077712218,0.0631978244487888,1.3364807131445986,True
320,e1-DVCS2 Hall B,17,5.88,3.25,0.39970588235294124,-0.8732941176470588,1.9414350141574555,1.1778113986556018,60.199999999999996,True,True,,1.6903529165383253,1.6197243423615626,0.14681317951892445,0.08009352578537314,-0.2661020807618492,0.12470091309025684,0.1811111148442177,0.06829071133629591,1.9563912346864245,True
321,e1-DVCS2 Hall B,15,5.879999999999999,3.2431333333333328,0.39926666666666677,-1.4042666666666668,1.0026928785075633,0.8081304585337651,75.20000000000005,True,True,,-1.0587518799285403,0.8868386397190676,0.20296588513099015,0.15222960337258656,0.4144298465415582,0.49178818673717006,0.919132632765534,0.06444374070880617,1.7013996286744857,True
334,E12-06-114 Hall A,24,7.383,3.167,0.363,-0.210832279,1.9729339720746084,0.8388674215661963,15.000000000000009,True,True,,-0.7269726014767144,5.74089905131731,0.14770262123553526,0.100738018294353,-0.164912530448427,0.44515024589955493,0.5334681900709343,0.3568323017281756,1.5202906660224165,True
335,E12-06-114 Hall A,24,7.383,3.169,0.363,-0.296641104,1.8853437782872933,0.6002977697719417,15.000000000000009,True,True,,-0.9577728222916984,4.546325896406981,0.13698784837240666,0.09350458327261309,0.3667396670381878,0.4317231111780441,0.369887451842737,0.49355877051335123,1.7306382535013785,True
336,E12-06-114 Hall A,24,7.383,3.18,0.365,-0.384877942,1.9476804930976994,0.8339423352932073,15.000000000000009,True,True,,-0.6292067380786784,4.119519326336796,0.1543821215574683,0.08733596445146993,0.49663652386795054,0.3656951865375913,0.2973937220488923,0.43399665102629026,2.2424239983874843,True
337,E12-06-114 Hall A,24,7.383,3.1839999999999997,0.365,-0.47089589,1.4811054506867363,0.3552830144256094,15.000000000000009,True,True,,-0.004287555351647046,4.1743762816843635,0.2580058788935197,0.09245635206574021,0.5191750421699233,0.4553090817649243,0.3254723730478513,0.5851457904819973,3.38933433240793,True
339,E12-06-114 Hall A,24,8.521,3.65,0.367,-0.20459426300000003,1.6566709812954536,1.1942999729888928,15.000000000000009,True,True,,-0.897558069398234,4.949203711259071,0.1076808352732157,0.07898545585700209,-0.2515323401065286,0.19261151867355006,0.1531542388660484,0.23206879848105175,1.4996430652526993,True
340,E12-06-114 Hall A,24,8.521,3.653,0.367,-0.265805007,1.745278478054776,0.39613935887536583,15.000000000000009,True,True,,-1.7024213242096082,4.3581564157827435,0.08372122252468633,0.06258052632841601,0.2907513246023212,0.1528912122719617,0.22430417900591823,0.0814782455380052,1.5227531975912385,True
341,E12-06-114 Hall A,24,8.521,3.669,0.369,-0.330337229,1.0144180660160835,0.6077332589688825,15.000000000000009,True,True,,-1.384240694633838,3.8553759721337544,0.09586086942736519,0.0710534509649691,0.48371634605782143,0.19283265257648083,0.28036130361550754,0.10530400153745405,1.8469168785267451,True
342,E12-06-114 Hall A,24,8.521,3.6779999999999995,0.36999999999999994,-0.39251536699999995,1.1308744908272534,0.6861471690954767,15.000000000000009,True,True,,-1.0753632837551255,3.7748183247777907,0.1347494554754244,0.0858664038975944,0.6472520647084172,0.2439304423815265,0.32764057044072087,0.16022031432233216,2.493627312038016,True
343,E12-06-114 Hall A,24,8.521,3.679,0.36999999999999994,-0.480519034,1.07487623417341,0.5571718145238874,15.000000000000009,True,True,,-0.4898727504106197,4.000656473838985,0.2678256150534957,0.11707148695146162,0.7486744907065368,0.8243730580558367,0.776282646957077,0.8724634691545966,3.8505277434140113,True
344,E12-06-114 Hall A,24,10.591,4.532,0.369,-0.20942249999999998,0.9153414636234819,0.7713826785552115,15.000000000000009,True,True,,-1.7805517778133055,4.375527690513915,0.07941783007404914,0.06555144885578754,-0.07575515948154216,0.07331876961422097,0.06545368943952068,0.08118384978892128,1.2293975039878955,True
345,E12-06-114 Hall A,24,10.591,4.55,0.36999999999999994,-0.27194461,1.9061701036488163,0.9247053116124689,15.000000000000009,True,True,,-2.2928739922364945,3.9629004364994764,0.09181610519152293,0.08707103688229552,0.3831002486145746,0.15414941877620028,0.20051821758904356,0.10778061996335701,1.5028246682284963,True
346,E12-06-114 Hall A,24,10.591,4.574,0.37200000000000005,-0.335577073,1.1503438414378977,0.33506020072283776,15.000000000000009,True,True,,-1.795980424861491,3.494575179304798,0.11165618598778405,0.10314428257440873,0.5608663239479916,0.20405073533941454,0.27261933669071353,0.13548213398811557,1.8958679925331252,True
347,E12-06-114 Hall A,24,10.591,4.585,0.373,-0.398799717,0.979958569603539,0.8528758710915606,15.000000000000009,True,True,,-1.3083539692296855,3.4665848572556324,0.12871826227802302,0.10383925516145581,0.6763916078716562,0.1697779791159543,0.2716451669918759,0.06791079124003274,2.3533355580231996,True
348,E12-06-114 Hall A,24,10.591,4.568,0.371,-0.483372835,0.878111622833082,0.8477607767416225,15.000000000000009,True,True,,-0.6309581934751258,3.7391987757666243,0.19407458734418873,0.1081403942272175,0.7825583492647037,0.3142413544058188,0.4411904169529957,0.18729229185864185,3.4911915620289613,True
349,E12-06-114 Hall A,24,4.487,2.7069999999999994,0.48299999999999993,-0.34805523,0.7297300804931816,0.6063244237803818,15.000000000000009,True,True,,-1.2380202771117195,5.005691388126313,0.4373003277450329,0.1783722131010331,-0.5616762488064693,0.41453321434506574,0.11632996229826505,0.7127364663918665,3.1374711196507294,True
350,E12-06-114 Hall A,24,4.487,2.708,0.48299999999999993,-0.390576327,0.8739900361769622,1.1129919353295514,15.000000000000009,True,True,,-2.4124987347136218,4.753855734960963,0.26472728880690694,0.12008210587204754,0.38223144336629555,0.2464546490698687,0.10250161774857587,0.3904076803911615,2.4720687435206794,True
351,E12-06-114 Hall A,24,4.487,2.7129999999999996,0.484,-0.435055174,0.6777977022430112,0.49379798187140206,15.000000000000009,True,True,,-2.539568841643826,4.281311481532817,0.2907684191511185,0.15822392017927597,0.6605179163212784,0.2630743057171161,0.168748436820321,0.3574001746139112,2.8174556390472465,True
352,E12-06-114 Hall A,24,4.487,2.715,0.48500000000000004,-0.47977747,0.9432883928764673,0.7493218606857915,15.000000000000009,True,True,,-2.8772185229023273,3.7531527244686282,0.32802485880265164,0.22708288850788172,0.8019734299493925,0.28235186843045096,0.2813859876012727,0.28331774925962927,3.27137453660544,True
354,E12-06-114 Hall A,24,8.851,4.497,0.49700000000000005,-0.40974398900000003,0.989847416455849,0.4386152925832297,15.000000000000009,True,True,,-0.7127511577225777,4.362969867221159,0.08545821903175377,0.02883054492717628,-0.578803897225711,0.06313760065224287,0.014867404867164218,0.11140779643732153,3.7843817814405973,True
355,E12-06-114 Hall A,24,8.851,4.528,0.501,-0.479541698,1.300013243422482,0.8899522976343528,15.000000000000009,True,True,,-0.9206689050004849,4.121853541982429,0.07978034983886437,0.02518080104660408,0.055492836270541884,0.08014076510775943,0.09305288611875773,0.06722864409676112,3.1742710804033,True
356,E12-06-114 Hall A,24,8.851,4.558,0.504,-0.547491577,1.0239239507471616,0.9413525023127428,15.000000000000009,True,True,,-0.662130860233007,3.948318930975109,0.10914911267291022,0.03076792185262033,0.20581225672565398,0.12016065427526808,0.15973500972169438,0.0805862988288418,3.6383078320449425,True
359,E12-06-114 Hall A,24,8.847,5.331,0.482,-0.385372291,0.7502376244694459,0.5849722461956229,15.000000000000009,True,True,,-0.006245165287464907,2.902528943609018,0.058361945767396506,0.047486541050659276,-0.6413085248090092,0.017401599390143543,0.007238671199168979,0.027564527581118114,2.209662488289924,True
360,E12-06-114 Hall A,24,8.847,5.339000000000001,0.48299999999999993,-0.44559886900000006,0.7417378798664161,0.8693069788528143,15.000000000000009,True,True,,-1.0599933898508243,3.2423328852543074,0.09824059039298384,0.05617270215385648,0.09157138227385443,0.07145016921252528,0.041991142888004346,0.10090919553704623,1.7633925851190495,True
361,E12-06-114 Hall A,24,8.847,5.36,0.48500000000000004,-0.508514038,0.7297754792978347,1.1446476167156097,15.000000000000009,True,True,,-1.148330359092402,3.282046674635429,0.1058334115404473,0.057991334481063264,0.42938748445110164,0.07418350857089846,0.07470677994619851,0.07366023719559844,2.1657524450374472,True
362,E12-06-114 Hall A,24,8.847,5.3709999999999996,0.486,-0.56958964,0.779349570485075,0.8538849499265723,15.000000000000009,True,True,,-1.061792583422659,3.2009871204355043,0.15295144423448556,0.07813110233273216,0.5728063669047001,0.10795853850386339,0.10443017151736755,0.11148690549035926,2.6314152461384945,True
363,E12-06-114 Hall A,24,8.847,5.3790000000000004,0.486,-0.654643764,1.5881501576743853,0.8292754758142012,15.000000000000009,True,True,,-1.107577199280388,2.917627004424557,0.19956430674278433,0.11420359898699475,0.8092442584365519,0.23973710480363705,0.2656464188546538,0.21382779075262037,3.6766373188134893,True
364,E12-06-114 Hall A,24,10.991999999999999,7.044,0.494,-0.432560756,0.816153050919776,0.8390045289567301,15.000000000000009,True,True,,-1.1699350513920719,2.2258064995384688,0.13166812019532803,0.09598968485531371,-0.07153541102827227,0.1274765816737943,0.08060534890461091,0.17434781444297767,1.3831001129179001,True
365,E12-06-114 Hall A,24,10.991999999999999,7.093,0.498,-0.525571333,0.7736063299768521,0.4589721419690223,15.000000000000009,True,True,,-1.3806652984618903,2.971406666301651,0.06405265618701421,0.040832600712125494,0.4760077334031488,0.043238769224856304,0.039127314567118314,0.0473502238825943,2.0114201707353883,True
366,E12-06-114 Hall A,24,10.991999999999999,7.114999999999999,0.49899999999999994,-0.612896976,0.9863208721411959,1.1059044537767513,15.000000000000009,True,True,,-1.1491726774132478,2.976225707355699,0.08459301655815493,0.051174517860802266,0.653088532921702,0.06451738651588407,0.09536693548866815,0.033667837543099995,2.596567297766813,True
367,E12-06-114 Hall A,24,10.991999999999999,7.105999999999999,0.49899999999999994,-0.697854847,0.6040298968209892,0.7686607664953163,15.000000000000009,True,True,,-0.8629303921280426,2.8833756615948656,0.1449975469209761,0.07910348260398493,0.7296424282609163,0.13462025952269008,0.15260159763034006,0.11663892141504013,3.1620484893570238,True
368,E12-06-114 Hall A,23,10.991999999999997,7.102000000000001,0.4979999999999998,-0.8556131640000002,1.4687666183443984,0.7102370090188542,29.999999999999996,True,True,,0.18342905621647962,2.8799056714992175,0.24455311808918248,0.05915456062360226,0.5694360369222428,0.4166671282856923,0.2835696148965851,0.5497646416747993,5.128410061091806,True
369,E12-06-114 Hall A,24,8.521,5.604,0.61,-0.764596036,0.6292781058844533,0.6579168743730929,15.000000000000009,True,True,,-0.08751505137095235,2.9012730247926313,0.04913567270668775,0.016212202263453258,-0.7255646346065332,0.056459412870653036,0.09694668371190873,0.015972142029397327,4.669536150080623,True
370,E12-06-114 Hall A,24,8.521,5.617,0.612,-0.904134479,1.623340782383882,0.3305372376895845,15.000000000000009,True,True,,-0.3919418212628084,2.7572590751994563,0.079267386132637,0.02256338450457574,-0.11461933863772497,0.24416571015390817,0.4287801395186284,0.05955128078918786,3.540496120837922,True
371,E12-06-114 Hall A,24,8.521,5.638000000000001,0.615,-1.048158824,1.0052959438142735,0.5028574619042706,15.000000000000009,True,True,,-0.22560645850555622,2.59178639572967,0.10967378077176797,0.025466056665446216,0.07838070881011586,0.30266491099990317,0.4515146974404382,0.1538151245593683,4.32146748064395,True
372,E12-06-114 Hall A,24,8.521,5.653,0.617,-1.189621856,1.3428223192013558,0.5631166882806458,15.000000000000009,True,True,,0.037584397506407206,2.467880872635096,0.13724349430832364,0.024727268696370965,-0.19077785851214699,0.2495445802809306,0.3421776398115905,0.15691152075027073,5.661033148587398,True
373,E12-06-114 Hall A,24,8.521,5.659,0.616,-1.37317495,1.8607811133523724,0.38193350264774883,15.000000000000009,True,True,,0.7450255000054431,2.203919084915236,0.14236131073885738,0.051278462383898236,-0.9164338287810726,0.22639581614280643,0.3727312382622194,0.0800603940233935,7.707708565181585,True
374,E12-06-114 Hall A,24,10.591,8.44,0.608,-0.791098587,0.8440122762251011,0.7865467923604307,15.000000000000009,True,True,,0.11688793273188398,2.8689828546356835,0.06721164093592477,0.029070236393255223,-0.7072435711804349,0.07072963653949256,0.018367771273139127,0.12309150180584598,3.6047335653286923,True
375,E12-06-114 Hall A,24,10.591,8.453,0.609,-0.91206632,1.2762768889257492,0.7619965902927204,15.000000000000009,True,True,,-0.48128158039619634,2.733980308883488,0.09179278225860865,0.0329466423400433,0.10792693608571295,0.23485223739484815,0.20573402679425964,0.2639704479954366,2.8072918087245347,True
376,E12-06-114 Hall A,24,10.591,8.481,0.611,-1.037086159,1.3232045066920122,0.701959073690359,15.000000000000009,True,True,,-0.4006677802166487,2.5420290111556056,0.12003551841759864,0.040303419185913875,0.3538728786103861,0.327763733206618,0.3216776774180052,0.3338497889952308,3.234133492813675,True
377,E12-06-114 Hall A,24,10.591,8.501,0.613,-1.163107259,1.0459341765090513,0.7951258479064309,15.000000000000009,True,True,,-0.08198327498629858,2.446963742754948,0.13304581812770283,0.03475579961693737,0.19197408826532694,0.2773504897389045,0.27717979088548594,0.2775211885923231,3.911066420225181,True
378,E12-06-114 Hall A,24,10.591,8.513,0.613,-1.328234507,0.8481451257893603,1.081276159982669,15.000000000000009,True,True,,0.28760497348122366,2.3363626884038844,0.17753001629092222,0.03269422489411767,-0.28276984203126443,0.3731541593695899,0.2820852133776411,0.46422310536153866,5.6768964239824475,True
