set,experiment,k,q_squared,x_b,t,ReH,ImH,ReH_algorithmic_std,ImH_algorithmic_std,xsec_chi2,diff_chi2,joint_chi2,ReH_central,ReH_mean,ReH_std,ReH_q16,ReH_q50,ReH_q84,ImH_central,ImH_mean,ImH_std,ImH_q16,ImH_q50,ImH_q84,corr_ReH_ImH,ReH_half_68,ImH_half_68,cov_ReH_ImH
1,E07-007 Hall A,5.55,1.51,0.359,-0.1799999999999999,-0.5328274,5.696882,0.011888779,0.0054514315,0.84281944874847,1.996894571268755,1.4198570100086123,-0.5328274,-0.5151922,0.103706285,-0.6139603,-0.49796823,-0.44184723,5.696881,5.6869087,0.06583524,5.6183496,5.6966095,5.763792,-0.445086305473125,0.08605653500000002,0.07272119999999971,-0.0030388392853534503
2,E07-007 Hall A,5.55,1.51,0.359,-0.237,-0.7240161,5.418751,0.0022298554,0.0024209735,2.1998010763961005,1.7133434071595153,1.956572241777808,-0.72401655,-0.71026945,0.091660544,-0.80879366,-0.71878195,-0.6145227,5.4187503,5.4174037,0.054239184,5.361323,5.4146776,5.4797525,0.0525645135308628,0.09713548,0.059214750000000205,0.00026132937338233474
3,E07-007 Hall A,5.55,1.5199999999999998,0.3609999999999999,-0.298,-0.075384304,5.2880077,0.0008311396,0.0020788498,2.397549238819859,1.4588698058635654,1.9282095223417124,-0.07538423,-0.06339496,0.12199687,-0.19237687,-0.063596375,0.053648792,5.2880077,5.2872515,0.05772858,5.227403,5.2871075,5.3505464,0.0305398717770573,0.123012831,0.06157170000000001,0.00021508334032739528
4,E07-007 Hall A,5.55,1.74,0.359,-0.1829999999999999,-0.52031374,4.978293,0.005414519,0.0024220536,0.9947203730885684,2.9861581366561487,1.9904392548723584,-0.5203136,-0.5090944,0.08670791,-0.6082965,-0.49654812,-0.4236024,4.978293,4.959533,0.056480244,4.908419,4.9580684,5.023916,-0.5713069514605739,0.09234705000000001,0.05774849999999976,-0.0027978523430757557
8,E07-007 Hall A,5.55,1.98,0.357,-0.182,-0.7054862,4.8384004,0.014914914,0.009502811,0.267103375403629,0.4507968016501167,0.3589500885268729,-0.7054865,-0.6950562,0.0804529,-0.77156883,-0.6946333,-0.61796266,4.8384004,4.821327,0.056312036,4.7657294,4.825189,4.8803506,-0.4464427153884734,0.076803085,0.0573106000000001,-0.0020225938113738362
9,E07-007 Hall A,5.55,1.98,0.356,-0.242,-1.3216677,4.440232,0.027189486,0.010483911,0.7309117133950634,0.6316149147921765,0.68126331409362,-1.3216677,-1.3128905,0.046128128,-1.3663812,-1.3144307,-1.2636026,4.4402313,4.440894,0.03421977,4.4078803,4.434825,4.4778113,0.2930562155097517,0.05138929999999997,0.03496549999999976,0.0004625874575332877
10,E07-007 Hall A,5.55,1.98,0.356,-0.302,-1.2639519,4.0666676,0.014875979,0.01573477,1.1236231058041937,0.8251389659353227,0.9743810358697582,-1.2639519,-1.2616204,0.062475186,-1.3229035,-1.2655082,-1.1976786,4.066667,4.0678554,0.038662292,4.0315843,4.0732527,4.103694,0.5664214301376939,0.06261245000000004,0.036054850000000194,0.0013681535149139294
11,E07-007 Hall A,5.55,1.99,0.3579999999999999,-0.363,-0.86167,4.068984,0.008936228,0.014590302,1.3084076585028743,1.0494265344337286,1.1789170964683016,-0.8616699,-0.86467737,0.08946271,-0.9396059,-0.87231857,-0.7794326,4.068984,4.0697255,0.037121862,4.0268846,4.078224,4.10301,0.5589480064583848,0.08008664999999998,0.03806270000000023,0.001856278835779158
15,E07-007 Hall A,4.455,1.74,0.357,-0.1809999999999999,-0.55170774,4.995487,0.0065852553,0.0071631097,0.984611065635779,2.409862658712472,1.6972368621741256,-0.5517072,-0.53997195,0.086781956,-0.6419493,-0.5276151,-0.45275125,4.9954877,4.9768343,0.057427496,4.925724,4.9792604,5.0420256,-0.560355684825145,0.09459902499999998,0.05815079999999995,-0.002792628057340671
29,e1-DVCS1 Hall B,5.75,1.27,0.1539999999999999,-0.11,-2.3681788,6.628806,0.042350337,0.07794574,0.2281907178441835,0.0920107368321747,0.1601007273381791,-2.3681784,-2.1993637,0.37023172,-2.4716887,-2.2334032,-1.8764746,6.628806,6.6806445,0.34589222,6.3065014,6.7158155,7.047273,0.2201725056907786,0.29760705,0.37038579999999977,0.028195350865552245
34,e1-DVCS1 Hall B,5.75,1.27,0.1539999999999999,-0.4499999999999999,-2.5663633,2.619423,0.05057416,0.048506945,1.003226006357259,0.0709551346963801,0.5370905705268194,-2.566363,-2.568378,0.09081764,-2.6538174,-2.5744228,-2.4884853,2.619423,2.6173248,0.15762389,2.4654033,2.612414,2.7912505,0.6518165713212867,0.08266605000000005,0.16292359999999984,0.00933077357573444
41,e1-DVCS1 Hall B,5.75,1.45,0.184,-0.11,-0.75056136,6.767421,0.07426519,0.06835148,0.0372961240272922,0.1009570378288907,0.0691265809280915,-0.75056076,-0.60923,0.30866548,-0.896186,-0.6174219,-0.36683676,6.7674217,6.810443,0.1853516,6.6442685,6.7743387,6.9857683,0.1180686160205595,0.26467462,0.17074990000000012,0.006754899223873094
42,e1-DVCS1 Hall B,5.75,1.4499999999999995,0.184,-0.1499999999999999,-1.5979462,5.8634977,0.0613492,0.026713656,0.0643786876854207,0.1146972787220769,0.0895379832037488,-1.5979471,-1.4958054,0.21981534,-1.6690981,-1.471429,-1.2906504,5.863498,5.895698,0.15993741,5.7239227,5.9044676,6.0763736,0.248979227835027,0.18922384999999997,0.17622545,0.008753287062616983
43,e1-DVCS1 Hall B,5.75,1.4499999999999995,0.184,-0.2,-1.7915497,5.13226,0.09688073,0.0209313,0.1388914666418872,0.0956417869632524,0.1172666268025698,-1.7915497,-1.7437961,0.15541565,-1.9116343,-1.7427325,-1.6229107,5.13226,5.143662,0.14387298,4.9799213,5.1502404,5.2935247,0.4352030250588879,0.14436179999999998,0.15680169999999993,0.009731188689498092
44,e1-DVCS1 Hall B,5.75,1.4499999999999995,0.184,-0.2599999999999999,-1.9688904,4.49296,0.021977596,0.018576484,0.3250638133915949,0.1180303497223039,0.2215470815569494,-1.9688904,-1.9561466,0.116066,-2.0702937,-1.9673817,-1.8134233,4.4929595,4.503692,0.1466569,4.352625,4.5022516,4.656082,0.5789575845867596,0.12843520000000008,0.15172849999999993,0.009854946388312648
45,e1-DVCS1 Hall B,5.75,1.4499999999999995,0.184,-0.3399999999999999,-2.2375207,3.8194206,0.055672105,0.0484679,0.8062512351126365,0.1005231915264756,0.453387213319556,-2.2375207,-2.2357616,0.10706276,-2.3458872,-2.2461462,-2.113198,3.8194199,3.8344665,0.14936337,3.699532,3.821458,3.9649267,0.7366756026031973,0.11634459999999991,0.13269734999999994,0.01178036714469435
46,e1-DVCS1 Hall B,5.75,1.45,0.184,-0.45,-2.441557,3.0890207,0.05645547,0.05210663,1.7257289361474184,0.0989083772670637,0.912318656707241,-2.4415572,-2.4345977,0.10066991,-2.537846,-2.4322941,-2.3422692,3.0890212,3.1053479,0.14244452,2.9593132,3.0787473,3.2576501,0.7881451781939353,0.0977884,0.14916845000000012,0.011301904920059173
53,e1-DVCS1 Hall B,5.75,1.64,0.214,-0.11,1.2207043,5.9566164,0.04538388,0.19077669,0.1928567453486367,0.1443468151865121,0.1686017802675744,1.2207035,1.2916002,0.26739487,1.0289072,1.266819,1.5183688,5.956617,5.9750147,0.17691557,5.817821,5.9746456,6.134594,0.0278061267232709,0.24473080000000003,0.15838649999999976,0.0013154054130894242
54,e1-DVCS1 Hall B,5.75,1.64,0.214,-0.15,0.2422598,5.755583,0.020731311,0.031994283,0.0675124883155437,0.1830275516097669,0.1252700199626553,0.24226043,0.3192249,0.20485947,0.10246949,0.3285923,0.51777613,5.755583,5.778817,0.11657616,5.6575513,5.7689743,5.9155965,0.2130449737501557,0.20765332,0.12902260000000032,0.005087882616000244
55,e1-DVCS1 Hall B,5.75,1.64,0.214,-0.2,-0.6839266,5.0946493,0.012426687,0.02435118,0.2112127855911394,0.1692396123506915,0.1902261989709154,-0.6839269,-0.637374,0.14575456,-0.761382,-0.6681094,-0.4974114,5.0946493,5.1046934,0.105156384,5.0173407,5.0995855,5.2110415,0.4958275209848876,0.1319853,0.09685040000000011,0.00759955956088893
56,e1-DVCS1 Hall B,5.75,1.64,0.214,-0.2599999999999999,-1.2040825,4.496336,0.073195405,0.03726418,0.3690939482397014,0.2019723193620595,0.2855331338008804,-1.2040821,-1.1938324,0.1279741,-1.3290755,-1.1858459,-1.0870528,4.496336,4.484745,0.12591253,4.3635464,4.485669,4.6019177,0.6804573965826507,0.12101135000000007,0.11918565000000036,0.010964579319089519
57,e1-DVCS1 Hall B,5.75,1.64,0.214,-0.34,-1.7633739,3.9850078,0.01192102,0.09955618,0.7888581243064565,0.1627281372606922,0.4757931307835744,-1.763374,-1.766651,0.13518573,-1.8660728,-1.7632399,-1.6390582,3.985008,3.9758787,0.13733724,3.8649902,3.9871607,4.1159825,0.8415069332023184,0.11350729999999998,0.12549615000000025,0.015623447212937167
59,e1-DVCS1 Hall B,5.75,1.88,0.215,-0.11,3.132361,5.6429963,0.05880797,0.078533284,0.139841820775958,0.0754178443171441,0.107629832546551,3.1323612,3.1842368,0.34905937,2.821846,3.188509,3.5643287,5.6429963,5.598347,0.19292074,5.4176455,5.5864706,5.765387,-0.0095167360436981,0.37124135,0.17387074999999985,-0.0006408645420981509
60,e1-DVCS1 Hall B,5.75,1.88,0.215,-0.1499999999999999,0.93351066,5.675068,0.04576239,0.0459374,0.3377061484487093,0.0728483529486886,0.2052772506986989,0.9335109,1.0218574,0.25288576,0.81927705,1.0119337,1.2703817,5.675068,5.6516905,0.17595968,5.4654303,5.63713,5.8393655,0.244853660695754,0.225552325,0.1869676,0.010895424102429451
66,e1-DVCS1 Hall B,5.75,1.79,0.244,-0.15,0.8815664,4.880645,0.098294705,0.026132584,0.052479363805931,0.1090751563168692,0.0807772600614001,0.8815659,0.93687797,0.20278698,0.71348166,0.9187384,1.1540545,4.880645,4.8988934,0.1271151,4.7655997,4.896824,5.043036,0.2111741426374111,0.22028641999999998,0.13871814999999987,0.005443496532720499
67,e1-DVCS1 Hall B,5.75,1.7899999999999998,0.2439999999999999,-0.2,0.44846198,4.909444,0.10473227,0.079232275,0.0741112696713974,0.1418848707662653,0.1079980702188313,0.44846192,0.50168616,0.21074787,0.2859793,0.466064,0.7615237,4.9094434,4.914393,0.10992958,4.810175,4.902415,5.029167,0.4898355782693603,0.23777220000000002,0.10949600000000004,0.01134822894106152
68,e1-DVCS1 Hall B,5.75,1.79,0.244,-0.26,0.034613907,4.5946674,0.04242618,0.10356486,0.2512605621512951,0.1688013100738886,0.2100309361125918,0.034614235,0.064589486,0.22227533,-0.10822946,0.043515816,0.28029078,4.594668,4.5770836,0.11410716,4.4848742,4.5793777,4.6733236,0.5564811704062664,0.19426012,0.09422469999999983,0.014114146918711004
69,e1-DVCS1 Hall B,5.75,1.7999999999999998,0.2439999999999999,-0.34,-0.73769057,4.122324,0.17966884,0.050102025,0.6475407008914849,0.1730860700560291,0.4103133854737569,-0.7376896,-0.74052083,0.2055687,-0.91106665,-0.72910035,-0.55647993,4.1223245,4.0866313,0.129626,3.9999893,4.0912514,4.206749,0.5914453837867497,0.17729336,0.10337985000000005,0.01576027371224452
71,e1-DVCS1 Hall B,5.75,2.12,0.244,-0.11,0.6174767,3.8063273,0.07669525,0.19382872,2.854245745565533,0.115173443447877,1.484709594506705,0.6174766,0.5241963,0.25078806,0.29977164,0.5096816,0.7671739,3.806328,3.8061798,0.16531847,3.6250262,3.8112679,3.9580796,-0.1908465831933919,0.23370112999999998,0.16652669999999992,-0.007912479944121672
72,e1-DVCS1 Hall B,5.75,2.12,0.245,-0.15,3.7181888,4.45656,0.007500284,0.13187562,0.1685828967492662,0.087687187432898,0.1281350420910821,3.7181883,3.7182229,0.23843853,3.4714808,3.6824336,4.0358443,4.4565597,4.4258432,0.1391174,4.2807126,4.4064846,4.544206,-0.0258194933396346,0.2821817499999999,0.13174669999999988,-0.0008564570800805427
73,e1-DVCS1 Hall B,5.75,2.12,0.245,-0.2,3.497362,5.461105,0.30318972,0.13107973,0.4008182211509211,0.1321292159109152,0.2664737185309181,3.497362,3.53775,0.29836497,3.2920187,3.4701118,3.8018875,5.461105,5.4289746,0.1541776,5.2830434,5.424166,5.570896,0.3899118138666703,0.2549344,0.14392629999999995,0.0179364093819666
74,e1-DVCS1 Hall B,5.75,2.12,0.245,-0.2599999999999999,1.0274074,5.0345354,0.17863187,0.074318685,0.6693402485598787,0.1922022613998638,0.4307712549798712,1.0274079,1.0631524,0.22594641,0.8683874,1.0610561,1.2753508,5.0345354,5.009296,0.1570947,4.8535824,5.0167613,5.144158,0.589944750387861,0.2034817,0.1452878000000002,0.02094007917799495
75,e1-DVCS1 Hall B,5.75,2.12,0.245,-0.3399999999999999,-0.19494872,3.744312,0.10197618,0.02590268,0.673823744256783,0.1321967778222728,0.4030102610395279,-0.19494694,-0.2269738,0.15050359,-0.36889634,-0.22081664,-0.121408276,3.744312,3.7186594,0.14777213,3.5876925,3.7132626,3.8604076,0.6677960355293202,0.123744032,0.13635754999999983,0.014851941474743205
79,e1-DVCS1 Hall B,5.75,1.9399999999999995,0.274,-0.2,0.48609766,4.3212924,0.07258539,0.11876883,0.0098688812301559,0.0498052839959363,0.0298370826130461,0.48609737,0.5026571,0.20773184,0.30703005,0.47628334,0.7517402,4.3212924,4.3291535,0.088369094,4.250036,4.329797,4.4235053,0.0725005315316894,0.22235507499999999,0.08673465000000036,0.0013308976583089086
85,e1-DVCS1 Hall B,5.75,2.3500000000000005,0.2750000000000001,-0.2,2.7091575,4.200348,0.06659729,0.029029835,0.0392838561858871,0.0824999327350699,0.0608918944604785,2.7091568,2.6609008,0.27316457,2.3533092,2.6701016,2.865709,4.2003474,4.1815343,0.109492406,4.087437,4.180487,4.281135,0.215416611578587,0.2561998999999999,0.09684899999999974,0.006442991512213994
86,e1-DVCS1 Hall B,5.75,2.3500000000000005,0.2750000000000001,-0.2599999999999999,5.8931985,4.695394,0.7353027,0.17979656,0.1665143572385043,0.1646318090771312,0.1655730831578177,5.8931985,5.806338,0.49029183,5.1825185,5.853506,6.260435,4.695394,4.678601,0.11624496,4.5995517,4.681226,4.785829,-0.025237067849369,0.5389582500000003,0.09313864999999977,-0.0014383602883082495
87,e1-DVCS1 Hall B,5.75,2.3500000000000005,0.2750000000000001,-0.3399999999999999,5.9979534,4.362268,0.14753632,0.09650363,0.162385098771599,0.2075596439981267,0.1849723713848629,5.9979525,5.979167,0.29673368,5.679957,6.0115967,6.2890267,4.362268,4.359802,0.10911459,4.2783847,4.356592,4.4515214,-0.0800970181471868,0.30453485,0.08656834999999985,-0.002593379157622177
88,e1-DVCS1 Hall B,5.75,2.3500000000000005,0.2750000000000001,-0.4499999999999999,1.2916967,3.2508743,0.7614792,0.15536249,0.4186919696743717,0.125002276042775,0.2718471228585734,1.2916969,1.350855,0.48385632,0.95730513,1.2736199,1.8719928,3.2508743,3.2470024,0.13639355,3.122805,3.2529745,3.372696,0.5813378303625938,0.457343835,0.12494549999999993,0.03836532103715821
91,e1-DVCS1 Hall B,5.75,2.1000000000000005,0.304,-0.2,-0.75625014,3.938669,0.015628476,0.14325882,0.0042825660475954,0.0336915466440531,0.0189870563458243,-0.7562504,-0.7373312,0.09835989,-0.8407946,-0.7300226,-0.6372296,3.938669,3.9639428,0.07311902,3.8957548,3.9609833,4.0339217,0.0660647162469437,0.1017825,0.06908344999999971,0.00047513603630482674
97,e1-DVCS1 Hall B,5.75,2.58,0.304,-0.2,0.19007263,3.4567149,0.034089535,0.08259492,0.5110200724085341,0.0725657200476973,0.2917928962281157,0.19007233,0.15385716,0.16068159,-0.021906065,0.16336149,0.34502086,3.4567146,3.473971,0.10951295,3.376059,3.4702058,3.5977428,0.0933609259913907,0.18346346249999998,0.11084189999999983,0.0016428456004198204
98,e1-DVCS1 Hall B,5.75,2.58,0.305,-0.26,2.0862126,4.0098343,0.16261463,0.16263616,0.0323882252747242,0.0949257289384649,0.0636569771065946,2.086213,2.083172,0.22375183,1.8763348,2.0643628,2.32773,4.009834,4.009483,0.09954382,3.9348395,4.0050106,4.091696,0.2341823912105647,0.22569759999999994,0.07842824999999998,0.005215970602145296
99,e1-DVCS1 Hall B,5.75,2.58,0.3049999999999999,-0.3399999999999999,4.2444224,3.8003626,0.4653718,0.38074508,0.1533590735653155,0.1126492278603142,0.1330041507128149,4.2444224,4.1761456,0.43807042,3.6457376,4.253554,4.6508484,3.8003626,3.8045702,0.098528326,3.7158854,3.800706,3.893899,-0.2173733570433592,0.5025554000000001,0.08900680000000016,-0.009382343863710238
100,e1-DVCS1 Hall B,5.75,2.58,0.3049999999999999,-0.4499999999999999,4.822535,3.0806932,0.07530024,0.10788257,0.0935183257777347,0.0981864465266613,0.095852386152198,4.8225355,4.833512,0.23029655,4.665084,4.829027,5.075318,3.0806932,3.0825338,0.10283634,2.9935675,3.0791283,3.1705413,-0.4175012616367913,0.205117,0.08848689999999992,-0.0098876215563521
107,e1-DVCS1 Hall B,5.75,2.78,0.335,-0.2,-2.2307596,4.4162,0.29308334,0.026492989,0.5098735155273507,0.0170706071399348,0.2634720613336428,-2.2307596,-2.259645,0.13703926,-2.381218,-2.268512,-2.1129355,4.4162,4.443246,0.1165044,4.333479,4.457903,4.5520487,0.1149782249692994,0.1341412500000001,0.10928485000000032,0.001835705174613895
108,e1-DVCS1 Hall B,5.75,2.78,0.335,-0.26,-0.16472349,3.9846482,0.16272911,0.16657348,0.008992169452871,0.0580549120983289,0.0335235407756,-0.16472396,-0.17022112,0.14279531,-0.29021916,-0.18028772,-0.027744912,3.9846482,4.004596,0.08795038,3.900584,4.0044794,4.1014476,0.2396535396782836,0.13123712399999998,0.10043180000000018,0.0030097852652623057
109,e1-DVCS1 Hall B,5.75,2.78,0.335,-0.34,1.5250106,4.243561,0.21861464,0.2996887,0.0227930028271017,0.127540411224803,0.0751667070259523,1.5250106,1.5267552,0.19531572,1.3328912,1.5076909,1.7390534,4.243561,4.247404,0.076457866,4.1719666,4.2634945,4.3218446,0.3628948025275503,0.20308110000000001,0.07493900000000009,0.005419261644155494
110,e1-DVCS1 Hall B,5.75,2.78,0.335,-0.4499999999999998,2.9187639,3.5203438,0.4121816,0.06112792,0.0911688793481332,0.132980393992586,0.1120746366703596,2.9187646,2.920965,0.23109828,2.6498485,2.9315348,3.1819959,3.520344,3.5209854,0.08539054,3.4430757,3.5179336,3.6011934,0.130358202699767,0.26607369999999997,0.07905885000000001,0.0025724375311709543
116,e1-DVCS1 Hall B,5.75,2.97,0.365,-0.2599999999999999,-1.0028038,5.0266604,0.082822874,0.087330736,0.0774219781042814,0.0870388373035977,0.0822304077039395,-1.0028039,-1.0026507,0.10816394,-1.095336,-1.0072392,-0.8910101,5.026661,5.0320897,0.07429122,4.964772,5.039879,5.1078825,0.4290207464043639,0.10216295000000003,0.07155524999999985,0.0034474524363096613
117,e1-DVCS1 Hall B,5.75,2.97,0.365,-0.34,-0.38728714,4.0614567,0.042657536,0.023488505,0.0198469399417841,0.0886301464140897,0.0542385431779369,-0.38728744,-0.39179215,0.12038055,-0.5055543,-0.3698912,-0.28846794,4.061457,4.0583735,0.062814064,3.983599,4.0688853,4.112167,0.5659852517712813,0.10854318000000002,0.06428400000000023,0.004279749309701261
118,e1-DVCS1 Hall B,5.75,2.97,0.365,-0.4499999999999998,0.2205356,4.101506,0.07635267,0.10181432,0.0643559199591972,0.2446761486609639,0.1545160343100806,0.22053581,0.20861083,0.17367727,0.059885386,0.1856543,0.39045635,4.101506,4.106368,0.05586629,4.0609336,4.100115,4.1662035,0.6808560811453253,0.165285482,0.05263494999999985,0.0066061455204951625
125,e1-DVCS1 Hall B,5.75,3.18,0.4000000000000001,-0.3399999999999999,-0.0075808614,3.7768657,0.18120527,0.23951438,0.0781061121742248,0.0458993683016299,0.0620027402379273,-0.007580757,0.00020241737,0.14788274,-0.12126994,-0.017795853,0.17425255,3.7768655,3.777327,0.08390724,3.698148,3.7958279,3.854577,0.2045134426314211,0.147761245,0.07821449999999985,0.002537691259899567
126,e1-DVCS1 Hall B,5.75,3.18,0.4000000000000001,-0.4499999999999998,-0.013443679,3.285642,0.15983808,0.17469496,0.0949569851051906,0.0714888742813018,0.0832229296932462,-0.013443708,-0.041142177,0.18064637,-0.21653305,-0.03284476,0.17005098,3.2856421,3.283635,0.07035169,3.2185688,3.2874951,3.3504767,0.2816802191590414,0.19329201499999998,0.06595395000000015,0.0035798112094344945
138,E00-110 Hall A,5.7572,1.82,0.343,-0.172,-0.8857043,4.9150147,0.02066125,0.019492064,0.8051262704302838,0.2802320142478084,0.5426791423390461,-0.88570404,-0.8686483,0.07715664,-0.95072347,-0.8620913,-0.7984541,4.9150147,4.896667,0.060199194,4.826092,4.899913,4.9619427,-0.3683910463098386,0.07613468499999998,0.06792534999999988,-0.0017110907738337995
139,E00-110 Hall A,5.7572,1.933,0.368,-0.232,-1.0487568,4.558069,0.008246039,0.009059878,1.0772193336789222,0.2540524969136409,0.6656359152962815,-1.0487568,-1.0402296,0.050525136,-1.0888623,-1.0348163,-0.9921269,4.558069,4.551537,0.028698636,4.525731,4.5505724,4.579495,-0.0826315119627398,0.04836769999999996,0.02688199999999963,-0.00011981589784347762
140,E00-110 Hall A,5.7572,1.964,0.375,-0.278,-1.0783547,4.283202,0.05299585,0.014977421,0.9832252482095588,0.3542141961374345,0.6687197221734966,-1.0783552,-1.0773919,0.04857967,-1.1296066,-1.0676904,-1.0291532,4.2832026,4.2801895,0.029839352,4.2469263,4.276785,4.3192306,0.3110094368904178,0.05022669999999996,0.03615214999999994,0.0004508348861401006
141,E00-110 Hall A,5.7572,1.986,0.379,-0.323,-0.63961697,4.167299,0.0713797,0.012105839,0.7495370817908388,0.4372400306799897,0.5933885562354142,-0.639617,-0.64558,0.059874702,-0.7211731,-0.64195746,-0.5815155,4.167299,4.1632223,0.03113984,4.1321692,4.1580477,4.198044,0.2896765116327702,0.06982880000000002,0.03293740000000023,0.0005400985653090491
142,E00-110 Hall A,5.7572,1.999,0.381,-0.371,-0.07450323,4.225514,0.09665286,0.012213894,0.5066878729469318,0.4467871784707959,0.4767375257088639,-0.07450354,-0.07660099,0.07732111,-0.17642167,-0.06593161,1.5463156e-05,4.2255135,4.2261696,0.0299887,4.192743,4.2266,4.256251,0.2657037736162369,0.08821856657800001,0.03175399999999984,0.0006161031682448933
143,E00-110 Hall A,5.7572,2.012,0.3779999999999999,-0.192,-0.33166105,4.824013,0.044656955,0.032400504,0.0456104356811093,0.1305100872998374,0.0880602614904733,-0.33166113,-0.33148628,0.08609709,-0.4268571,-0.33741248,-0.2318618,4.824013,4.8105726,0.053011443,4.7563424,4.8121095,4.855427,-0.5620055705885334,0.09749764999999999,0.049542299999999706,-0.0025650670350941857
144,E00-110 Hall A,5.7572,2.054,0.392,-0.233,-0.9043933,4.5586677,0.04019652,0.01629433,0.2072040271679214,0.1288360232979976,0.1680200252329595,-0.90439296,-0.90296686,0.07029599,-0.9789692,-0.9009066,-0.8365802,4.558667,4.554056,0.03602448,4.511844,4.5547056,4.5921073,-0.199699749799479,0.0711945,0.040131650000000185,-0.0005057149506193734
145,E00-110 Hall A,5.7572,2.074,0.3979999999999999,-0.279,-1.3550729,4.2274113,0.0819179,0.037834596,0.2921901742033692,0.0854914152899985,0.1888407947466838,-1.3550729,-1.3574277,0.06272429,-1.4212248,-1.3527274,-1.2861824,4.2274103,4.223772,0.03400552,4.187724,4.2247987,4.2539563,0.2105265162451484,0.06752120000000006,0.03311614999999968,0.00044904718505705583
146,E00-110 Hall A,5.7572,2.084,0.4000000000000001,-0.324,-1.0372368,4.055161,0.047842685,0.015765002,0.3032962931079389,0.1689323229487777,0.2361143080283583,-1.0372373,-1.0504204,0.06446038,-1.11452,-1.0446715,-0.9783607,4.055161,4.049278,0.032694843,4.018734,4.046106,4.0803456,0.3148766496545792,0.06807964999999999,0.030805799999999994,0.0006636094676362538
147,E00-110 Hall A,5.7572,2.091,0.401,-0.371,-0.31819534,4.056643,0.07549123,0.033637714,0.2595149615746466,0.2436941151043326,0.2516045383394896,-0.31819576,-0.32715863,0.076581135,-0.43199685,-0.30492872,-0.2556896,4.056643,4.055777,0.033011448,4.025402,4.0530443,4.087289,0.2832510095517908,0.08815362499999999,0.030943500000000235,0.0007160738918414334
148,E00-110 Hall A,5.7572,2.161,0.336,-0.171,-1.3684587,4.568411,0.01515342,0.02324177,0.2542916895936158,0.0606520655675695,0.1574718775805927,-1.3684589,-1.3693945,0.08724143,-1.4546875,-1.3707505,-1.2731019,4.568411,4.564139,0.083596274,4.4736333,4.5575743,4.6574802,0.0207966271239717,0.0907928,0.0919234499999999,0.00015167101793563996
149,E00-110 Hall A,5.7572,2.19,0.342,-0.231,-1.2394058,4.47801,0.08060117,0.034575347,0.2711988624757904,0.1723818373641952,0.2217903499199928,-1.2394056,-1.234977,0.06947413,-1.3179477,-1.2348042,-1.1513319,4.47801,4.491236,0.048892953,4.431874,4.493437,4.5421515,0.4287969663670936,0.08330789999999999,0.055138750000000236,0.0014565355512289463
150,E00-110 Hall A,5.757199999999999,2.1910000000000003,0.3419999999999999,-0.3239999999999999,-0.96788037,4.006231,0.14055288,0.05325312,0.2369446429009375,0.2439190607656368,0.2404318518332872,-0.96788037,-0.96102244,0.1053343,-1.080922,-0.9574144,-0.8562647,4.006231,4.013921,0.06488703,3.9329104,4.023866,4.0783944,0.767725808100126,0.11232864999999997,0.07274199999999986,0.005247275296019827
151,E00-110 Hall A,5.757199999999999,2.193,0.3419999999999999,-0.3710000000000001,-0.68275046,3.8648348,0.2705151,0.10197365,0.2332415271566083,0.2365437619684734,0.2348926445625409,-0.6827501,-0.69218737,0.14262749,-0.84490585,-0.66927457,-0.5779283,3.8648348,3.8675463,0.06231583,3.8060436,3.8727965,3.9200685,0.8323847074332473,0.133488775,0.05701244999999999,0.007398194010171666
152,E00-110 Hall A,5.757199999999999,2.1940000000000004,0.343,-0.2780000000000001,-0.9504883,4.175073,0.03762831,0.012519574,0.2423259312315396,0.2783001594691791,0.2603130453503594,-0.9504883,-0.93076044,0.08343601,-1.0200155,-0.91435623,-0.8546532,4.1750736,4.187613,0.057459496,4.1222844,4.194707,4.246338,0.658315300248721,0.08268114999999998,0.06202679999999994,0.0031560893421567707
153,E00-110 Hall A,5.7572,2.218,0.345,-0.176,-1.218353,4.873381,0.021026818,0.014681811,0.4036530875033244,0.1108201259808039,0.2572366067420641,-1.2183533,-1.2183951,0.09147633,-1.3024774,-1.2362298,-1.1092486,4.873381,4.8687677,0.07643983,4.789247,4.870261,4.942737,-0.0233167102987054,0.09661439999999999,0.07674500000000029,-0.00016304058384085369
154,E00-110 Hall A,5.7572,2.318,0.363,-0.232,-1.3428962,4.9436445,0.023911279,0.011106115,0.6727974708077102,0.5177532642853478,0.595275367546529,-1.3428965,-1.3432072,0.07617641,-1.4306595,-1.3393766,-1.2587316,4.9436445,4.9541698,0.04286443,4.914604,4.9554253,4.9889064,-0.0060280783612203,0.08596395000000001,0.03715120000000027,-1.9683233469244854e-05
155,E00-110 Hall A,5.7572,2.348,0.368,-0.279,-1.3148593,4.4652257,0.051970974,0.00807409,0.475009862357143,0.5708460750160764,0.5229279686866097,-1.3148593,-1.3099637,0.07400287,-1.3721347,-1.3037463,-1.2432299,4.4652257,4.4784236,0.04146471,4.4387374,4.4793477,4.515111,0.3686203205652165,0.06445239999999997,0.038186800000000076,0.0011311142344220036
156,E00-110 Hall A,5.7572,2.36,0.371,-0.325,-1.148481,4.0722857,0.032383166,0.020541359,0.4463913583220575,0.4455130591002383,0.4459522087111479,-1.1484811,-1.1446424,0.08447046,-1.2228271,-1.1436863,-1.0499618,4.0722857,4.08016,0.047473848,4.036777,4.081809,4.1271276,0.6400448766513999,0.08643265,0.04517529999999992,0.002566668139814404
157,E00-110 Hall A,5.7572,2.375,0.373,-0.372,-0.8201368,3.9887757,0.050448045,0.022450762,0.3487009967709775,0.5122546531175961,0.4304778249442867,-0.82013667,-0.8310242,0.1000485,-0.93211424,-0.83152926,-0.71770334,3.9887757,3.9954126,0.04719346,3.9550781,3.9987774,4.03843,0.6869973612481608,0.10720544999999998,0.041675949999999906,0.003243750705267739
163,e1-DVCS2 Hall B,5.879999999999999,1.1303,0.125,-0.4465,-2.3156357,1.8374527,0.0057318383,0.03384444,0.3861950874463651,0.156434115007807,0.271314601227086,-2.3156354,-2.3225331,0.11905712,-2.4151857,-2.3226295,-2.2189898,1.8374531,1.8133347,0.24196456,1.579779,1.833137,2.0328922,0.5979543716940416,0.09809794999999988,0.2265566,0.017225632543935457
164,e1-DVCS2 Hall B,5.879999999999999,1.1308,0.1251,-0.6041,-1.441358,0.92256,0.00991073,0.023171814,0.5796121988405163,0.0734014124182626,0.3265068056293895,-1.4413588,-1.448411,0.10013206,-1.5426435,-1.4530888,-1.3449217,0.9225588,0.8828652,0.16999793,0.710755,0.8430469,1.071847,0.606982988658506,0.09886090000000003,0.18054599999999998,0.01033221188528051
165,e1-DVCS2 Hall B,5.879999999999999,1.1311428571428568,0.1252857142857142,-0.8628571428571428,-0.6345502,0.25397825,0.008307453,0.019335616,0.4195901068310192,0.025753240107287,0.2226716734691531,-0.63455045,-0.62641954,0.08190652,-0.7153341,-0.6279243,-0.544433,0.25397897,0.1985509,0.21814899,-0.06745391,0.23650122,0.41690853,0.4531327537479692,0.08545055000000001,0.24218122,0.008096496570109258
167,e1-DVCS2 Hall B,5.879999999999999,1.3003684210526316,0.1541052631578947,-0.1082105263157894,-2.265159,6.4109535,0.07526238,0.021450924,1.0038746942389234,0.0717200152044868,0.5377973547217051,-2.2651587,-2.0856822,0.37761998,-2.382989,-2.11097,-1.7563089,6.4109526,6.4776487,0.34311152,6.097711,6.5079417,6.8182554,0.2055563528226486,0.31334004999999987,0.3602721999999998,0.026633066169889273
172,e1-DVCS2 Hall B,5.879999999999999,1.3024,0.1541999999999999,-0.4469999999999999,-2.4248044,2.4867058,0.011898133,0.039394658,1.0207138777070917,0.0886422432445031,0.5546780604757974,-2.4248052,-2.4264352,0.09511759,-2.522897,-2.436328,-2.336875,2.4867055,2.492095,0.16131073,2.3483522,2.51027,2.6450214,0.6418837687087433,0.09301099999999995,0.1483346000000001,0.009848735824743004
182,e1-DVCS2 Hall B,5.879999999999999,1.4269999999999998,0.156,-0.6032999999999998,-1.2487938,1.4164028,0.038692277,0.008502132,1.0391120537210852,0.0919127349581341,0.5655123943396096,-1.2487946,-1.2431141,0.1026722,-1.340224,-1.262069,-1.1216499,1.4164026,1.4321578,0.14968923,1.2615209,1.4465008,1.5711194,0.5964205068209031,0.10928705000000005,0.15479924999999994,0.00916634058276856
186,e1-DVCS2 Hall B,5.879999999999999,1.4870909090909097,0.1841818181818182,-0.153090909090909,-1.4922034,5.5500526,0.01426477,0.038656674,0.1140564492722567,0.3177320116183878,0.2158942304453222,-1.4922025,-1.391529,0.21416023,-1.5658928,-1.3805104,-1.1964623,5.5500526,5.5880632,0.14864464,5.4219456,5.6155014,5.7494955,0.2336977173713861,0.18471525,0.16377495000000009,0.007439479452253971
188,e1-DVCS2 Hall B,5.879999999999999,1.4878,0.1841,-0.2621,-1.8771858,4.155913,0.051913954,0.05273053,0.3475744385704756,0.2403681623889371,0.2939713004797064,-1.8771864,-1.8648825,0.11686102,-1.9792906,-1.8771777,-1.7172513,4.1559124,4.1711044,0.1412404,4.032198,4.165984,4.305064,0.5498150126468564,0.13101964999999993,0.1364329999999998,0.009074970156823348
189,e1-DVCS2 Hall B,5.879999999999999,1.4881000000000002,0.1841,-0.3405,-2.12488,3.558651,0.017943505,0.015426366,0.7899617557226513,0.178719892371843,0.4843408240472471,-2.12488,-2.1235023,0.11031182,-2.2349486,-2.1362886,-1.9965624,3.558651,3.5788052,0.14699817,3.4612224,3.5552225,3.7134693,0.7023605800947603,0.11919310000000005,0.12612344999999991,0.01138922327534358
190,e1-DVCS2 Hall B,5.879999999999999,1.4882,0.1841,-0.4473,-2.298106,2.9283347,0.06772801,0.010092896,1.4550742206167966,0.1470472495032086,0.8010607350600026,-2.298106,-2.2911196,0.104548186,-2.3969622,-2.284087,-2.187708,2.928335,2.9499352,0.1416065,2.8251302,2.9276214,3.0782967,0.7846250023460034,0.10462709999999986,0.12658325000000015,0.011616139891354144
200,e1-DVCS2 Hall B,5.879999999999999,1.670578947368421,0.185,-0.6039999999999999,-1.4588286,1.7817227,0.029939335,0.03478693,1.36889512041033,0.1958163939459558,0.7823557571781429,-1.4588284,-1.4501178,0.11275067,-1.5559274,-1.4789822,-1.3177062,1.7817223,1.8246613,0.15940446,1.6395074,1.8242123,2.0071611,0.6834150091310194,0.11911060000000007,0.18382684999999988,0.012282990394242767
202,e1-DVCS2 Hall B,5.88,1.6673749999999998,0.1856249999999999,-1.37925,-0.92061305,0.24429607,0.010583506,0.029393485,1.063424120262293,0.0023912651333169,0.5329076926978049,-0.9206128,-0.915374,0.07431911,-0.9780818,-0.9256134,-0.84412295,0.2442956,0.24952699,0.18489021,0.10589879,0.23670816,0.44509748,0.3699868920768933,0.06697942499999998,0.16959934499999998,0.005083943951973722
205,e1-DVCS2 Hall B,5.879999999999999,1.6848181818181815,0.214,-0.2032727272727272,-0.60395753,4.8895626,0.056884307,0.01477717,0.171589189171902,0.5411337035926438,0.3563614463822729,-0.60395736,-0.5587269,0.14002582,-0.6898636,-0.5791304,-0.41626787,4.8895626,4.9006667,0.11221024,4.8118935,4.888582,5.008242,0.4739884101841796,0.13679786500000002,0.09817425000000002,0.007447462728599209
206,e1-DVCS2 Hall B,5.879999999999999,1.6855999999999998,0.214,-0.2622,-1.1556392,4.2152433,0.017155545,0.033061095,0.3517594141336381,0.4421865412382943,0.3969729776859662,-1.1556396,-1.146285,0.12623174,-1.2764254,-1.1430941,-1.0250974,4.2152433,4.207894,0.12888877,4.090616,4.2174063,4.3567553,0.6698088825006863,0.125664,0.13306964999999993,0.010897692527631044
207,e1-DVCS2 Hall B,5.879999999999999,1.685526315789474,0.2142105263157895,-0.3406315789473684,-1.7233624,3.7421286,0.09381246,0.038205523,0.8704740505958406,0.2943850566505993,0.5824295536232199,-1.7233622,-1.7284361,0.13620615,-1.8195851,-1.722258,-1.59264,3.7421284,3.7369955,0.13771348,3.6287184,3.750255,3.886064,0.8193255109895355,0.11347255,0.12867280000000014,0.015368435113779578
208,e1-DVCS2 Hall B,5.88,1.685,0.214625,-0.4475,-2.382058,3.2327056,0.11492,0.05090359,1.7887052631945768,0.22532327743106,1.0070142703128184,-2.3820577,-2.373791,0.14388417,-2.4951644,-2.3956246,-2.2179587,3.232705,3.2480178,0.15748222,3.1140354,3.268206,3.3865771,0.8717076038075467,0.13860285000000006,0.13627084999999983,0.019752195641237185
211,e1-DVCS2 Hall B,5.88,1.6822941176470587,0.2149411764705882,-1.3808235294117648,-1.0951535,0.326478,0.043774683,0.029123904,0.7305824326920773,0.0051822929080996,0.3678823628000885,-1.0951532,-1.1055346,0.06411302,-1.1600568,-1.1194167,-1.0457051,0.32647848,0.34477982,0.15955375,0.17298481,0.3400712,0.5031718,0.5501488132318046,0.05717585000000003,0.16509349499999998,0.005627732301555542
212,e1-DVCS2 Hall B,5.879999999999999,1.931,0.2149090909090909,-0.1085454545454545,3.9704263,5.4659853,0.04160557,0.027460475,0.7178619382704553,0.1005665582654062,0.4092142482679308,3.9704258,3.996437,0.3655759,3.6532893,3.9602597,4.4543166,5.4659853,5.4138355,0.21306147,5.2032876,5.40065,5.6046777,-0.0233692268208009,0.40051365000000017,0.20069504999999976,-0.0018202323172288714
213,e1-DVCS2 Hall B,5.879999999999999,1.9326,0.215,-0.1530999999999999,1.0347608,5.7246523,0.043132503,0.053821832,0.3342866553985281,0.1904826329270255,0.2623846441627768,1.0347607,1.1253588,0.2807726,0.86339974,1.1174785,1.3999474,5.7246523,5.6912093,0.2036295,5.4793744,5.671893,5.894176,0.2979188621504299,0.26827383000000005,0.20740079999999983,0.017033089135536313
219,e1-DVCS2 Hall B,5.879999999999999,1.9312222222222224,0.2149999999999999,-0.8682777777777777,-0.7423662,0.97981,0.29711133,0.052863583,0.3249231026345559,0.100138719930585,0.2125309112825705,-0.7423662,-0.72423875,0.11712834,-0.8438662,-0.7081952,-0.6231455,0.97980976,1.0300944,0.12684342,0.96319443,1.0209507,1.1375282,0.592936967690097,0.11036035,0.08716688499999997,0.008809240351683964
225,e1-DVCS2 Hall B,5.879999999999999,1.8476315789473687,0.244578947368421,-0.3411578947368421,-0.55172116,3.9814653,0.12702678,0.07520204,0.600516668032081,0.3184899453201429,0.459503306676112,-0.5517215,-0.558456,0.20031238,-0.73401195,-0.5443238,-0.3861526,3.9814653,3.9481084,0.12390647,3.8829348,3.947537,4.046658,0.5632616801822182,0.17392967499999998,0.08186159999999987,0.013980154847541813
229,e1-DVCS2 Hall B,5.88,1.8435882352941173,0.2445294117647058,-1.3872941176470588,-0.8392658,0.41365218,0.034174427,0.0053708716,1.362740535140074,0.0109698143317311,0.6868551747359026,-0.8392657,-0.8352787,0.08059683,-0.91670066,-0.84876,-0.76720804,0.41365218,0.4287367,0.1488893,0.2987933,0.43069148,0.58449703,0.8184820039198881,0.07474630999999998,0.142851865,0.009821788631290065
231,e1-DVCS2 Hall B,5.88,2.1675,0.245,-0.15325,4.1871824,4.452543,0.05218251,0.05729945,0.3764604478696933,0.2975205273016294,0.3369904875856613,4.187182,4.182086,0.24754724,3.9443896,4.1348476,4.5173416,4.4525433,4.414048,0.14991626,4.2552686,4.418512,4.5941787,0.0264033497892614,0.28647599999999995,0.16945504999999983,0.0009798641240279563
234,e1-DVCS2 Hall B,5.879999999999999,2.1722,0.2450999999999999,-0.3406,-0.25942323,3.8109152,0.068651974,0.042486344,0.8081866484436734,0.3872212417914704,0.5977039451175719,-0.2594238,-0.28748205,0.16901158,-0.44728705,-0.2767802,-0.15187335,3.8109152,3.7876728,0.16386363,3.6444745,3.7902198,3.9324245,0.7156685869195801,0.14770685,0.1439750000000002,0.019820334887872878
247,e1-DVCS2 Hall B,5.88,1.990076923076923,0.2749230769230769,-1.401923076923077,-0.9240607,0.61029196,0.027638644,0.01720117,1.5971852679054086,0.0307189753264685,0.8139521216159386,-0.9240606,-0.93005294,0.13102804,-1.0424268,-0.9700312,-0.83120286,0.61029196,0.6093639,0.1761424,0.47028044,0.616717,0.76924986,0.8342693630306453,0.10561197000000005,0.14948470999999997,0.019254597712268413
251,e1-DVCS2 Hall B,5.879999999999999,2.4038181818181816,0.2750000000000001,-0.2622727272727273,6.1673336,4.6693563,0.7037188,0.09300341,0.570552097829168,0.656629026825966,0.613590562327567,6.1673355,6.070941,0.5085506,5.40241,6.108747,6.5527153,4.6693563,4.6526833,0.1272718,4.554764,4.6525397,4.771489,-0.0260977292842896,0.5751526500000002,0.10836250000000014,-0.0016891533514605658
254,e1-DVCS2 Hall B,5.879999999999999,2.4075333333333333,0.275,-0.6055333333333335,-0.6452316,2.221343,0.11643032,0.041693285,0.9160924074796568,0.189578116122197,0.5528352618009269,-0.6452318,-0.6109879,0.20688374,-0.7845715,-0.6735413,-0.4360688,2.221343,2.26327,0.15705505,2.107199,2.2706566,2.4192383,0.812166201364266,0.17425135,0.15601964999999995,0.026389014774820946
263,e1-DVCS2 Hall B,5.879999999999999,2.1629444444444443,0.3048888888888889,-0.6072222222222223,2.70172,2.4760334,0.0094027035,0.019307222,1.0316930291332216,0.1028905774340244,0.5672918032836229,2.70172,2.7218418,0.15485394,2.5389287,2.7225537,2.8859937,2.4760337,2.4852636,0.14982715,2.3212202,2.4988334,2.6573215,-0.6289895909954957,0.1735325000000001,0.16805065000000008,-0.014593391605589067
265,e1-DVCS2 Hall B,5.88,2.1554117647058826,0.3045882352941176,-1.4151764705882353,-1.0132685,0.8214977,0.028452097,0.023509873,1.369462194022136,0.0844085138800335,0.7269353539510847,-1.0132687,-1.0399834,0.18982579,-1.2145638,-1.0636137,-0.88060695,0.8214977,0.80357933,0.19132805,0.66479576,0.8277799,0.98703057,0.7994580602156581,0.16697842500000004,0.16111740500000005,0.029035515882253678
268,e1-DVCS2 Hall B,5.88,2.6525,0.3045833333333334,-0.2036666666666666,0.2256636,3.3878047,0.08827396,0.06924219,1.0094690617480386,0.2161453627875727,0.6128072122678057,0.22566319,0.18737334,0.175546,0.006717929,0.1784953,0.38723215,3.3878045,3.401381,0.11822612,3.2815962,3.4067454,3.527396,0.1059462083789434,0.1902571105,0.12289989999999995,0.002198820583030308
271,e1-DVCS2 Hall B,5.879999999999999,2.6497,0.3049999999999999,-0.4478,5.076911,3.0188835,0.15159252,0.10771616,0.2165586675433117,0.2736732739417729,0.2451159707425423,5.0769114,5.082679,0.237713,4.885515,5.062712,5.35341,3.0188837,3.027411,0.10872517,2.939237,3.0314174,3.114351,-0.4425791681889748,0.2339475000000002,0.08755700000000011,-0.011438629586202516
281,e1-DVCS2 Hall B,5.879999999999999,2.2957894736842106,0.3347894736842105,-0.6079473684210526,1.4098943,2.5754821,0.03482876,0.04109908,1.1200089980190011,0.0818205742264418,0.6009147861227214,1.4098945,1.3827497,0.21636978,1.1566267,1.3495762,1.6156344,2.5754824,2.6041172,0.14181042,2.437085,2.6124148,2.7462633,-0.5652363418080625,0.22950385000000006,0.15458914999999984,-0.017343423289422847
282,e1-DVCS2 Hall B,5.88,2.29625,0.3349375,-0.872125,1.920007,1.5444767,0.034123577,0.06851325,0.6900805451569182,0.025766763831452,0.3579236544941851,1.9200075,1.9222784,0.14227654,1.7903079,1.9037261,2.0994701,1.5444772,1.5818106,0.12681875,1.4427692,1.5942837,1.6981157,-0.715638390920821,0.15458110000000003,0.12767324999999996,-0.012912501764285557
283,e1-DVCS2 Hall B,5.879999999999999,2.285555555555556,0.3346111111111111,-1.4262777777777778,-0.89477766,0.9463351,0.1181553,0.032546792,1.0640856677192445,0.0920737757511898,0.578079721735217,-0.8947774,-0.94200027,0.23591797,-1.1292653,-0.97787505,-0.75454867,0.9463351,0.9252924,0.17357059,0.80050844,0.9588766,1.060159,0.6856543717917425,0.18735831499999994,0.12982528000000004,0.028076464044262863
289,e1-DVCS2 Hall B,5.879999999999999,2.853105263157895,0.335,-0.6061578947368421,4.1061964,2.139864,0.05498183,0.023544302,0.1368653883901748,0.1270011211055854,0.1319332547478801,4.1061964,4.0954638,0.15781833,3.9571111,4.098055,4.242327,2.1398637,2.1725004,0.11761297,2.0400765,2.1835625,2.2847784,-0.6810565676808822,0.14260795000000015,0.12235094999999996,-0.012641419570514432
298,e1-DVCS2 Hall B,5.88,2.421058823529412,0.3649411764705882,-0.8754117647058822,1.6824498,1.5761423,0.07742211,0.0797159,0.4744295331856188,0.0106038788716005,0.2425167060286097,1.6824495,1.652141,0.15747978,1.4925493,1.6405663,1.8486758,1.5761423,1.6262274,0.1333445,1.4908813,1.6395606,1.7617174,-0.7120990261087848,0.17806325,0.13541804999999996,-0.014953411972687423
299,e1-DVCS2 Hall B,5.879999999999999,2.4166666666666665,0.3648666666666667,-1.4036,-0.42003536,1.009408,0.045812346,0.018549398,1.1403302216729223,0.0802392300905296,0.610284725881726,-0.4200362,-0.43748614,0.27207166,-0.6380631,-0.4871821,-0.24363473,1.0094075,0.99121976,0.13291343,0.9105882,1.0125713,1.095269,0.4626099491244886,0.197214185,0.09234040000000004,0.016728890588352037
303,e1-DVCS2 Hall B,5.879999999999999,3.0536086956521733,0.3646521739130435,-0.3419565217391304,-0.48250723,4.060749,0.029512636,0.025374215,0.1336144169378003,0.4048045988605894,0.2692095078991948,-0.48250717,-0.48846948,0.113628864,-0.5910119,-0.46558246,-0.37875825,4.060749,4.0555325,0.06313801,3.9886353,4.0660405,4.112367,0.5902449597709752,0.10612682500000001,0.06186585,0.004234594622368193
305,e1-DVCS2 Hall B,5.879999999999999,3.0394499999999995,0.365,-0.6067,3.0841777,2.4987717,0.13844919,0.03327456,0.2792954788780183,0.2633375268061674,0.2713165028420928,3.084178,3.01886,0.21239781,2.823576,3.0208683,3.2211761,2.4987717,2.540831,0.11512841,2.413522,2.5490654,2.6413126,-0.5321220889056567,0.19880005,0.11389530000000003,-0.01301199322799471
313,e1-DVCS2 Hall B,5.88,2.5495,0.3995,-0.8785000000000001,0.7340106,1.8807906,0.089198075,0.062163424,1.432875629864926,0.0786543789942178,0.755765004429572,0.7340106,0.6757631,0.22226705,0.4848138,0.6937073,0.8679171,1.8807906,1.9477726,0.13771543,1.7829732,1.9310867,2.088826,-0.4117965108787714,0.19155165,0.15292640000000002,-0.012604927453533048
320,e1-DVCS2 Hall B,5.88,3.25,0.3997058823529412,-0.8732941176470588,1.8081105,1.5831807,0.029283559,0.021150315,0.1723670565254479,0.0684657704319735,0.1204164134787107,1.8081105,1.8005387,0.23393585,1.585992,1.8204699,2.0251412,1.5831807,1.6209745,0.12246363,1.5023826,1.5945443,1.7466857,-0.5902973211895322,0.21957460000000006,0.12215155,-0.0169112115388544
321,e1-DVCS2 Hall B,5.879999999999999,3.2431333333333328,0.3992666666666667,-1.4042666666666668,-0.9564197,0.9498799,0.07398749,0.032078598,0.8863853205259224,0.1006036726924315,0.493494496609177,-0.956419,-0.55771863,1.029161,-1.2441117,-1.0411286,1.1626108,0.94987893,0.8728617,0.22751406,0.71872914,0.8572861,1.0993416,0.2941032496053982,1.20336125,0.19030623000000002,0.06886386341637284
334,E12-06-114 Hall A,7.383,3.167,0.363,-0.210832279,-0.8266276,5.554928,0.013597709,0.0071377335,0.7283637828215866,0.2418727986640799,0.4851182907428333,-0.82662714,-0.80739677,0.121004,-0.90083975,-0.8193241,-0.67423713,5.554928,5.5449567,0.095978595,5.4390826,5.546338,5.625845,0.4147260313734793,0.11330131000000004,0.09338120000000005,0.0048165426572266525
335,E12-06-114 Hall A,7.383,3.169,0.363,-0.296641104,-1.0929576,4.3698187,0.010620222,0.037957106,0.5847836195027433,0.3395245624524621,0.4621540909776027,-1.092958,-1.0941919,0.09460589,-1.1950362,-1.0902851,-1.0140455,4.3698187,4.3665624,0.06801951,4.2999673,4.366705,4.4454837,0.5521905513522716,0.09049535000000009,0.0727582,0.0035533717538352313
336,E12-06-114 Hall A,7.383,3.18,0.365,-0.384877942,-0.52279395,4.061617,0.043805577,0.0064269667,0.3708309037040031,0.3872055505600102,0.3790182271320067,-0.52279425,-0.5355755,0.109691575,-0.63676786,-0.5217793,-0.42757565,4.061617,4.055005,0.062110044,3.9898818,4.065375,4.110714,0.6876343586323429,0.104596105,0.06041609999999986,0.004684817506353876
337,E12-06-114 Hall A,7.383,3.184,0.365,-0.47089589,0.23750293,4.1131587,0.19567083,0.017466096,0.4229425830728834,0.5293485290960235,0.4761455560844534,0.23750311,0.22371256,0.16184342,0.055156883,0.2079108,0.38020048,4.1131587,4.115606,0.05457463,4.0673294,4.1141977,4.167928,0.6747596912645586,0.1625217985,0.050299299999999825,0.005959845178330284
339,E12-06-114 Hall A,8.521,3.65,0.367,-0.204594263,-0.8926283,5.1292152,0.012117518,0.03960688,0.187945182988987,0.2454668604313029,0.2167060217101449,-0.892629,-0.87433046,0.12264994,-0.985347,-0.8846504,-0.739656,5.1292152,5.115017,0.119464286,4.983031,5.1182775,5.2511168,0.3240756736323506,0.1228455,0.13404289999999985,0.00474844994507201
340,E12-06-114 Hall A,8.521,3.653,0.367,-0.265805007,-1.649923,4.4745827,0.036049575,0.01838243,0.2135043487446622,0.1153825496693726,0.1644434492070174,-1.649923,-1.6392998,0.07732278,-1.7110368,-1.6483473,-1.5664912,4.4745836,4.4792266,0.08104626,4.4002347,4.479844,4.556201,0.4714506070618161,0.07227280000000003,0.07798314999999967,0.002954449953326148
341,E12-06-114 Hall A,8.521,3.669,0.369,-0.330337229,-1.3022915,3.8572457,0.03414571,0.05736991,0.287438763115711,0.1057041714928492,0.1965714673042801,-1.3022916,-1.2942694,0.069051154,-1.3696269,-1.2924495,-1.2196063,3.8572457,3.8589182,0.0654032,3.7943742,3.8476243,3.9117024,0.5860886263610857,0.07501030000000009,0.058664099999999886,0.002646873782478798
342,E12-06-114 Hall A,8.521,3.678,0.3699999999999999,-0.3925153669999999,-1.0553861,3.8345892,0.07337198,0.013554031,0.3006884100820188,0.1937994706494028,0.2472439403657108,-1.0553858,-1.0583713,0.07295371,-1.1223308,-1.0599291,-0.9863889,3.8345892,3.8328598,0.058645323,3.770739,3.8293402,3.8836904,0.5992069501281311,0.06797095000000003,0.05647570000000002,0.0025636433524751094
343,E12-06-114 Hall A,8.521,3.679,0.3699999999999999,-0.480519034,-0.50569165,4.018886,0.05741115,0.032357275,0.7498145095486425,0.902217149433314,0.8260158294909782,-0.50569177,-0.52801406,0.1181715,-0.65366024,-0.51932037,-0.41636983,4.018886,4.0181155,0.06576706,3.9584906,4.0155334,4.092059,0.7550133823488908,0.118645205,0.06678419999999985,0.005867807063580251
344,E12-06-114 Hall A,10.591,4.532,0.369,-0.2094224999999999,-1.8250816,4.256547,0.03682052,0.029361486,0.0808162800247174,0.0775435594221469,0.0791799197234321,-1.8250816,-1.8043969,0.16060448,-1.9387127,-1.7911508,-1.6645585,4.2565465,4.251918,0.19957426,3.9993973,4.2605734,4.4119477,0.3262894684674868,0.13707709999999995,0.20627519999999988,0.01045839979498672
345,E12-06-114 Hall A,10.591,4.55,0.3699999999999999,-0.27194461,-2.263362,3.9269736,0.017549533,0.03563878,0.1939633655368322,0.1173324694090703,0.1556479174729513,-2.2633612,-2.238614,0.09925037,-2.3215396,-2.2340262,-2.1459587,3.9269736,3.9565673,0.122105725,3.8402011,3.9674935,4.0707808,0.4818592544231974,0.08779044999999996,0.11528984999999992,0.005839670800699655
346,E12-06-114 Hall A,10.591,4.574,0.372,-0.335577073,-1.8455852,3.4843218,0.03609715,0.03233858,0.2733106207801317,0.1368984302827267,0.2051045255314292,-1.8455852,-1.8202155,0.06897499,-1.882515,-1.8264122,-1.7432417,3.4843218,3.5237951,0.090392046,3.451823,3.52633,3.6004572,0.5947417154904836,0.06963664999999997,0.07431710000000002,0.0037080899792148714
347,E12-06-114 Hall A,10.591,4.585,0.373,-0.398799717,-1.343866,3.4576497,0.034183428,0.0133266905,0.2730540139509143,0.0671915204810684,0.1701227672159913,-1.3438662,-1.324887,0.08907537,-1.4351051,-1.3164415,-1.2464018,3.4576495,3.4852307,0.09606905,3.4033368,3.4706626,3.576504,0.7691699515551015,0.09435165000000001,0.08658359999999998,0.006582084309123473
348,E12-06-114 Hall A,10.591,4.568,0.371,-0.483372835,-0.646175,3.709992,0.046569638,0.03358461,0.4588169110149071,0.1711877169882751,0.3150023140015911,-0.64617455,-0.6438408,0.15557216,-0.80537,-0.6318816,-0.509936,3.709992,3.71845,0.12209407,3.6017725,3.7218924,3.8312685,0.8679515496378822,0.14771700000000004,0.11474800000000007,0.01648625206419448
349,E12-06-114 Hall A,4.487,2.7069999999999994,0.4829999999999999,-0.34805523,-1.9996189,5.1199856,0.15522704,0.015914002,0.0933830796087079,0.7634002068135656,0.4283916432111367,-1.9996186,-2.041221,0.27660856,-2.385245,-2.0120335,-1.7283624,5.119985,5.117936,0.1273483,4.997945,5.1187263,5.2366257,0.071788661827573,0.32844129999999994,0.11934035000000032,0.002528800831222521
350,E12-06-114 Hall A,4.487,2.708,0.4829999999999999,-0.390576327,-2.3707757,4.6804705,0.13084404,0.042098917,0.1342821000211844,0.3641816597615808,0.2492318798913826,-2.370776,-2.4168687,0.25524873,-2.7383254,-2.3864775,-2.1343534,4.6804705,4.6730194,0.11732925,4.5618396,4.6841354,4.8045797,0.3533617847392349,0.30198599999999987,0.1213700499999999,0.010582528925950135
351,E12-06-114 Hall A,4.487,2.713,0.484,-0.435055174,-2.4249642,4.3416433,0.15202045,0.061493006,0.1454844651448201,0.3819896348253188,0.2637370499850694,-2.4249651,-2.4707801,0.23115878,-2.7293417,-2.4384565,-2.2327986,4.3416433,4.3340755,0.11611069,4.214445,4.341236,4.4631658,0.5967722340533763,0.2482715499999999,0.1243603999999996,0.0160173700116312
352,E12-06-114 Hall A,4.487,2.715,0.485,-0.47977747,-2.3676112,4.094202,0.045685895,0.05956834,0.1631801618324033,0.4171285500370638,0.2901543559347336,-2.3676112,-2.4143527,0.20888638,-2.6529794,-2.3842292,-2.2158194,4.0942025,4.091294,0.11874141,3.9660182,4.107951,4.2237062,0.7305802756288245,0.21858,0.12884399999999974,0.018120921047685146
354,E12-06-114 Hall A,8.851,4.497,0.497,-0.409743989,-0.49888402,4.3229656,0.11693641,0.047416262,0.0377429307588064,0.1051531732177311,0.0714480519882688,-0.49888384,-0.48972827,0.11047788,-0.59348834,-0.50084007,-0.3596416,4.322965,4.312007,0.05248969,4.26547,4.3117065,4.3684745,-0.3342087777266302,0.11692336999999997,0.05150224999999997,-0.0019380598823306886
355,E12-06-114 Hall A,8.851,4.528,0.501,-0.479541698,-0.94088674,4.1538014,0.02609032,0.046562973,0.0922596059131085,0.0740210680709643,0.0831403369920364,-0.9408871,-0.9429324,0.08597235,-1.0309287,-0.9393117,-0.8412746,4.1538005,4.1531973,0.03288955,4.123872,4.1570415,4.192254,0.178143988746243,0.09482705000000002,0.03419099999999986,0.0005037185003149005
356,E12-06-114 Hall A,8.851,4.558,0.504,-0.547491577,-0.9074727,3.87996,0.068106726,0.0427667,0.2113030275607818,0.0659193471054489,0.1386111873331153,-0.9074725,-0.9243933,0.08067676,-1.013563,-0.9202785,-0.83990043,3.8799598,3.883106,0.0326173,3.849335,3.8850641,3.9127603,0.4713441063404892,0.08683128499999998,0.03171265000000001,0.0012403222589509259
359,E12-06-114 Hall A,8.847,5.331,0.482,-0.385372291,-0.24893878,2.9114137,0.057945624,0.09362538,0.0274663016355963,0.0273014418589091,0.0273838717472527,-0.24893881,-0.23844755,0.1405676,-0.3531156,-0.25843543,-0.099537246,2.9114137,2.8934197,0.10143048,2.804144,2.9022818,2.9919407,-0.0506955389678532,0.12678917699999998,0.09389834999999991,-0.0007228088397419641
360,E12-06-114 Hall A,8.847,5.339000000000001,0.4829999999999999,-0.445598869,-0.9960996,3.1769004,0.064996466,0.045688424,0.0627412908588992,0.0857144273042421,0.0742278590815706,-0.9960997,-0.97980225,0.10550776,-1.0744368,-0.9702823,-0.8714782,3.1769,3.1699352,0.07337814,3.1185699,3.1759872,3.234847,0.3048240010324764,0.1014793,0.05813855000000001,0.0023599361937046977
361,E12-06-114 Hall A,8.847,5.36,0.485,-0.508514038,-1.1641123,3.2965224,0.04605881,0.021372953,0.0724707182570336,0.0763468400306404,0.074408779143837,-1.1641126,-1.1588941,0.083705194,-1.2396773,-1.1555514,-1.0725857,3.2965226,3.295067,0.05897598,3.2474098,3.2984643,3.343989,0.4422639425287897,0.0835458,0.048289600000000155,0.0021832783420716664
362,E12-06-114 Hall A,8.847,5.371,0.486,-0.56958964,-1.0160183,3.2778842,0.02338088,0.010415636,0.0890488788104046,0.1317370386670403,0.1103929587387224,-1.0160179,-1.0260096,0.08488634,-1.1147658,-1.0275934,-0.9490539,3.2778842,3.2756488,0.052348603,3.2231822,3.2777872,3.3285716,0.5953182133370215,0.08285595000000001,0.05269469999999998,0.0026454044197650978
363,E12-06-114 Hall A,8.847,5.379,0.486,-0.654643764,-0.5366399,3.1346922,0.06270693,0.022074256,0.178876149132347,0.3424729278203259,0.2606745384763365,-0.5366398,-0.5660333,0.11812506,-0.69034487,-0.53678304,-0.45186564,3.1346917,3.128699,0.05242205,3.0837872,3.137177,3.1738496,0.819259906513429,0.119239615,0.04503119999999994,0.005073150473614398
364,E12-06-114 Hall A,10.992,7.044,0.494,-0.432560756,-1.1182132,2.3352017,0.03023546,0.01713318,0.1248882062820553,0.1399340233539342,0.1324111148179947,-1.1182135,-1.0991614,0.15015346,-1.2246107,-1.0817375,-0.9420108,2.3352015,2.3439279,0.14486557,2.2167673,2.36076,2.4885046,0.2944340597849691,0.14129994999999995,0.13586865000000015,0.006404549269027596
365,E12-06-114 Hall A,10.992,7.093,0.498,-0.525571333,-1.3779409,2.8997312,0.023107765,0.04108485,0.0339643024407969,0.0601747947489628,0.0470695485948798,-1.3779409,-1.3659335,0.104964815,-1.4791402,-1.366389,-1.2543327,2.8997312,2.9146392,0.09954888,2.803064,2.9223104,3.0011394,0.3971653162421499,0.11240375000000002,0.0990377,0.004150031930612661
366,E12-06-114 Hall A,10.992,7.114999999999999,0.4989999999999999,-0.612896976,-1.1606295,2.9984665,0.053448994,0.021816045,0.0930229543178785,0.0373934812715168,0.0652082177946977,-1.1606295,-1.1608135,0.09835967,-1.2609819,-1.1455424,-1.0748317,2.9984663,3.007738,0.08643218,2.9362319,3.013082,3.085894,0.5889653726418547,0.09307509999999997,0.07483105000000001,0.005007054191152427
367,E12-06-114 Hall A,10.992,7.105999999999999,0.4989999999999999,-0.697854847,-0.8346647,2.9097564,0.08225741,0.035211813,0.1430993515991617,0.1267354263823951,0.1349173889907784,-0.8346647,-0.85356313,0.12843795,-0.9820056,-0.84572536,-0.7295069,2.9097564,2.9126894,0.0858908,2.8335583,2.9161167,2.9905605,0.8129910108250916,0.12624935000000004,0.07850109999999999,0.008968622752948192
368,E12-06-114 Hall A,10.991999999999996,7.102000000000001,0.4979999999999998,-0.8556131640000002,0.049718827,2.8573856,0.057862222,0.011295017,0.3140879690092665,0.520869412151288,0.4174786905802772,0.049719393,-0.0049522514,0.24706665,-0.25256538,0.056414068,0.18968427,2.8573856,2.8459272,0.08329585,2.7655787,2.8595393,2.9103854,0.8973855053050008,0.221124825,0.07240335000000009,0.018467858631943373
369,E12-06-114 Hall A,8.521,5.604,0.61,-0.764596036,-0.0796414,2.9034963,0.044284042,0.012942136,0.0973721805081653,0.0159445383626622,0.0566583594354137,-0.079641685,-0.09270498,0.0716731,-0.1565797,-0.09354158,-0.017259914,2.9034965,2.9065058,0.029699622,2.8826375,2.9033327,2.93471,-0.1482409722818269,0.069659893,0.026036249999999983,-0.00031555521769601093
370,E12-06-114 Hall A,8.521,5.617,0.612,-0.904134479,-0.38827902,2.7494762,0.057314306,0.00635812,0.4324218377057125,0.0571647341905695,0.244793285948141,-0.38827917,-0.39829758,0.06443216,-0.45795563,-0.39693403,-0.3311421,2.7494764,2.7513266,0.023142511,2.7317467,2.7497804,2.7713375,0.2177825037987534,0.063406765,0.01979540000000002,0.00032474027643431143
371,E12-06-114 Hall A,8.521,5.638000000000001,0.615,-1.048158824,-0.2508144,2.6025991,0.029750701,0.0020269768,0.4489409145816627,0.1596658932499316,0.3043034039157972,-0.25081483,-0.26123962,0.06123923,-0.32404265,-0.26475877,-0.20335521,2.602599,2.606796,0.025152626,2.5871892,2.6060576,2.630136,0.2350522481052744,0.06034371999999999,0.021473399999999865,0.000362057429639423
372,E12-06-114 Hall A,8.521,5.653,0.617,-1.189621856,0.11923531,2.4561374,0.062221605,0.0045849904,0.3522421875323029,0.1510580138090637,0.2516501006706833,0.119235486,0.10635232,0.07266607,0.032528672,0.11548753,0.18020922,2.4561374,2.4635315,0.027604872,2.4396877,2.4639473,2.488391,-0.1044679499745694,0.073840274,0.024351650000000058,-0.00020955618478437743
373,E12-06-114 Hall A,8.521,5.659,0.616,-1.37317495,0.6896912,2.2227,0.04389813,0.013089072,0.3674988380550046,0.0865449398032236,0.2270218889291141,0.6896914,0.6824991,0.103447124,0.56089973,0.6807967,0.773168,2.2227,2.23202,0.038967088,2.1926863,2.2329807,2.2669218,-0.6498597222599105,0.10613413499999996,0.03711774999999995,-0.00261960610554038
374,E12-06-114 Hall A,10.591,8.44,0.608,-0.791098587,-0.020261765,2.907333,0.026277449,0.006562064,0.0181130243918869,0.1350103764350887,0.0765617004134878,-0.020261526,-0.023423994,0.12484042,-0.15020709,0.0091626495,0.090116635,2.907333,2.9108498,0.04706222,2.8660264,2.9135284,2.9561808,-0.2785228402089012,0.1201618625,0.04507719999999993,-0.0016363961384274054
375,E12-06-114 Hall A,10.591,8.453,0.609,-0.91206632,-0.37411577,2.7356827,0.027055912,0.00924959,0.2166024888834981,0.2653334517613238,0.2409679703224109,-0.37411577,-0.37094238,0.09300485,-0.44315025,-0.36468476,-0.2847414,2.7356827,2.7395456,0.03652759,2.7063756,2.7431746,2.7744424,0.3292019835636665,0.07920442500000002,0.03403339999999999,0.0011183791437325839
376,E12-06-114 Hall A,10.591,8.481,0.611,-1.037086159,-0.40436023,2.546562,0.015380619,0.011305644,0.3174372470067301,0.3383455732077552,0.3278914101072426,-0.4043607,-0.40055647,0.076510586,-0.4707629,-0.40476,-0.32518068,2.5465617,2.5523837,0.03773294,2.521477,2.5476918,2.5861979,0.5724533097230823,0.07279110999999999,0.032360450000000096,0.0016526551599934291
377,E12-06-114 Hall A,10.591,8.501,0.613,-1.163107259,-0.21308158,2.4267201,0.067156985,0.010409248,0.3040174100796742,0.2604546317766331,0.2822360209281536,-0.21308172,-0.21019241,0.07791486,-0.28615725,-0.20377198,-0.13577409,2.4267197,2.4306524,0.035513308,2.4008594,2.4298663,2.4593658,0.4306505928531672,0.07519158,0.02925320000000009,0.0011916164008183435
378,E12-06-114 Hall A,10.591,8.513,0.613,-1.328234507,0.37202755,2.3328557,0.03979139,0.00315023,0.2883287142085468,0.4598362170006271,0.3740824656045869,0.3720282,0.37244317,0.11402079,0.27284652,0.35825637,0.46537974,2.3328557,2.3291721,0.033236593,2.2987807,2.3280346,2.3684194,-0.1865809130639171,0.09626661,0.03481935000000003,-0.0007070787063897508
