set,n,chi2_per_point,k,q_squared,x_b,t
316,13,3.5803984075171162,5.88,3.265,0.398,-0.265
178,16,3.4217823421635964,5.88,1.426,0.155,-0.203
185,22,2.9267091120164412,5.88,1.4865,0.184,-0.1085
294,13,2.831920633192197,5.88,2.42,0.364,-0.264
169,18,2.825126781503482,5.88,1.302,0.154,-0.203
324,14,2.778435353207246,5.88,3.076,0.458,-0.452
279,14,2.677129764779808,5.88,2.296,0.334,-0.343
317,17,2.621636891786412,5.88,3.272,0.399,-0.342
286,24,2.600839462224714,5.88,2.859,0.335,-0.2625
325,16,2.5174183420584635,5.88,3.113,0.463,-0.611
284,14,2.5107378874304542,5.88,2.843,0.332,-0.158
266,11,2.5065101329106305,5.88,2.625,0.301,-0.119
250,21,2.4640587233244386,5.88,2.414,0.275,-0.203
270,19,2.4481864361984753,5.88,2.652,0.305,-0.341
302,19,2.4216399758816722,5.88,3.055,0.364,-0.263
261,16,2.4123620263027545,5.88,2.1635,0.304,-0.342
269,23,2.3868874358867673,5.88,2.653,0.305,-0.262
224,24,2.355308258924174,5.88,1.848,0.244,-0.262
330,16,2.3428289519735306,5.88,3.8445,0.46950000000000003,-0.4535
287,22,2.341417601210154,5.88,2.858,0.335,-0.341
210,13,2.279472494525916,5.88,1.684,0.215,-0.867
301,13,2.2659333888266384,5.88,3.05,0.364,-0.205
201,19,2.225425674946372,5.88,1.669,0.185,-0.865
214,18,2.20656784705182,5.88,1.936,0.215,-0.203
332,16,2.1749408361729032,5.88,3.981,0.493,-0.8755
253,20,2.162128530545132,5.88,2.412,0.275,-0.447
240,23,2.160629542321522,5.88,1.997,0.274,-0.154
252,20,2.096186766307646,5.88,2.4135,0.275,-0.341
179,18,2.051533768768624,5.88,1.426,0.155,-0.261
288,22,2.0141960290923655,5.88,2.855,0.335,-0.448
227,12,2.013812689583882,5.88,1.847,0.245,-0.6054999999999999
278,17,2.0004746249926466,5.88,2.297,0.334,-0.263
197,17,1.9897188792135359,5.88,1.672,0.185,-0.262
246,17,1.9862745966137425,5.88,1.998,0.275,-0.869
312,12,1.981776949284695,5.88,2.5515,0.399,-0.6125
231,24,1.953917170193656,5.88,2.1765,0.245,-0.153
310,13,1.9361621005804273,5.88,2.554,0.399,-0.343
174,15,1.9286424938632245,5.88,1.303,0.155,-0.865
206,20,1.9067007306036534,5.88,1.686,0.214,-0.262
188,20,1.9031434132491043,5.88,1.488,0.184,-0.262
311,13,1.897302869162138,5.88,2.554,0.399,-0.451
331,16,1.8894575699756895,5.88,3.944,0.4855,-0.612
195,18,1.8587104384001343,5.88,1.671,0.185,-0.153
280,14,1.856774279215084,5.88,2.296,0.334,-0.45
181,18,1.8475436720333651,5.88,1.427,0.155,-0.446
186,22,1.84708920636101,5.88,1.487,0.184,-0.153
232,17,1.8358424215035973,5.88,2.177,0.245,-0.203
248,15,1.835788043374418,5.88,2.407,0.274,-0.111
329,14,1.8230062948959167,5.88,3.712,0.448,-0.346
245,14,1.809083733609059,5.88,1.997,0.275,-0.606
222,22,1.785080571472095,5.88,1.8475000000000001,0.244,-0.153
260,20,1.7477132762716159,5.88,2.1645000000000003,0.304,-0.263
308,10,1.7400521139568024,5.88,2.516,0.392,-0.213
187,20,1.7335030437010137,5.88,1.488,0.184,-0.203
161,18,1.7304944793743082,5.88,1.13,0.125,-0.261
275,1,1.7206306083296101,5.88,2.23,0.324,-0.127
64,19,1.7155541013240152,5.75,1.88,0.215,-0.45
194,18,1.714650608364447,5.88,1.671,0.185,-0.108
190,20,1.7104491410790519,5.88,1.4885000000000002,0.184,-0.447
102,16,1.708377080254683,5.75,2.23,0.335,-0.2
281,19,1.6690660170751639,5.88,2.298,0.335,-0.607
239,17,1.6409241371747088,5.88,1.993,0.274,-0.11
293,15,1.6388340681094282,5.88,2.419,0.364,-0.205
88,20,1.6353987887896924,5.75,2.35,0.275,-0.45
290,12,1.6210524275509062,5.88,2.846,0.335,-0.87
295,14,1.6179473021644488,5.88,2.421,0.364,-0.343
233,20,1.6091730553390324,5.88,2.1765,0.245,-0.262
303,23,1.605222385031608,5.88,3.054,0.365,-0.342
272,18,1.603523258051686,5.88,2.649,0.305,-0.605
212,22,1.5945698895766176,5.88,1.934,0.215,-0.109
262,17,1.588738664874018,5.88,2.163,0.305,-0.449
200,19,1.5815401587723932,5.88,1.671,0.185,-0.604
307,11,1.5723036100075858,5.88,3.025,0.365,-1.397
305,20,1.5695279817697672,5.88,3.049,0.365,-0.606
238,13,1.55059275255168,5.88,2.161,0.245,-1.384
251,22,1.5467462174252413,5.88,2.414,0.275,-0.262
326,15,1.5458161544106583,5.88,3.109,0.463,-0.883
276,14,1.5441128735566931,5.88,2.287,0.333,-0.158
204,24,1.5410461959434925,5.88,1.685,0.214,-0.153
319,22,1.5404596294928548,5.88,3.268,0.4,-0.606
58,15,1.536530517824783,5.75,1.64,0.214,-0.45
183,22,1.535220074963381,5.88,1.427,0.156,-0.864
257,9,1.5312707916921109,5.88,2.144,0.301,-0.118
292,9,1.530209425170521,5.88,2.387,0.359,-0.169
45,20,1.5301738535548228,5.75,1.45,0.184,-0.34
285,20,1.529435947941026,5.88,2.8585000000000003,0.334,-0.204
84,16,1.520232589060638,5.75,2.35,0.275,-0.15
300,8,1.5145680984687544,5.88,2.999,0.358,-0.171
230,22,1.5140474153866605,5.88,2.175,0.245,-0.109
205,22,1.513469407370543,5.88,1.685,0.214,-0.203
313,16,1.501777329191655,5.88,2.5525,0.3995,-0.8745
213,20,1.498996970811044,5.88,1.935,0.215,-0.153
167,19,1.48587665538346,5.88,1.301,0.154,-0.108
173,19,1.4715514441495123,5.88,1.303,0.154,-0.604
235,19,1.4667426845341673,5.88,2.176,0.245,-0.447
208,16,1.4662417450920322,5.88,1.6855,0.215,-0.447
23,16,1.4641852710149,5.75,1.11,0.126,-0.11
268,24,1.4641252219137317,5.88,2.655,0.305,-0.204
76,19,1.4593094268301692,5.75,2.12,0.245,-0.45
46,17,1.4568204680505628,5.75,1.45,0.184,-0.45
243,18,1.4488564109002517,5.88,1.997,0.274,-0.342
221,23,1.4263906813117975,5.88,1.846,0.244,-0.109
242,19,1.4227272796419939,5.88,1.997,0.274,-0.263
172,20,1.4223325219587895,5.88,1.3025,0.154,-0.447
234,20,1.420857911566705,5.88,2.176,0.245,-0.3405
166,16,1.416622972470114,5.88,1.1315,0.125,-1.3780000000000001
277,18,1.4131959300260633,5.88,2.297,0.334,-0.204
182,20,1.411144001175302,5.88,1.427,0.156,-0.603
168,18,1.3998271802304745,5.88,1.301,0.154,-0.153
318,24,1.398326353303979,5.88,3.272,0.3995,-0.4485
123,11,1.392691392705535,5.75,3.12,0.391,-0.21
104,12,1.379822758381288,5.75,2.23,0.335,-0.34
259,21,1.3770257269914739,5.88,2.165,0.304,-0.204
223,23,1.3745152020989446,5.88,1.847,0.244,-0.203
33,18,1.364554888534254,5.75,1.27,0.154,-0.34
255,13,1.3610810386339625,5.88,2.406,0.275,-0.868
297,20,1.3531928561038638,5.88,2.4219999999999997,0.365,-0.6074999999999999
333,12,1.3516539576945112,5.88,3.9905,0.4965,-1.415
283,18,1.3514502167251239,5.88,2.295,0.335,-1.4
74,20,1.347365054728009,5.75,2.12,0.245,-0.26
118,23,1.3316968861033904,5.75,2.97,0.365,-0.45
141,24,1.3302312265039615,5.7572,1.986,0.379,-0.323
256,16,1.311552544913698,5.88,2.3935,0.275,-1.387
51,18,1.3034694273987109,5.75,1.63,0.185,-0.34
177,16,1.299481482211936,5.88,1.426,0.155,-0.1525
171,16,1.297194407168947,5.88,1.302,0.154,-0.34
244,15,1.2901333074408976,5.88,1.997,0.275,-0.448
296,15,1.285536620684439,5.88,2.42,0.364,-0.45
271,20,1.2842894085312362,5.88,2.6515,0.305,-0.4475
207,19,1.2836494231984237,5.88,1.686,0.214,-0.341
309,13,1.271224330733538,5.88,2.552,0.399,-0.264
38,16,1.260617286136916,5.75,1.39,0.155,-0.26
170,17,1.257126752870431,5.88,1.302,0.154,-0.262
39,18,1.2567096382165674,5.75,1.39,0.155,-0.34
78,16,1.255601883317318,5.75,1.94,0.274,-0.15
249,24,1.2523233556398674,5.88,2.415,0.275,-0.1535
236,19,1.250643448137058,5.88,2.174,0.245,-0.605
189,20,1.2443370186443432,5.88,1.4885000000000002,0.184,-0.34
110,22,1.24072269248691,5.75,2.78,0.335,-0.45
70,13,1.2350975442413061,5.75,1.8,0.244,-0.45
216,17,1.2272048319227806,5.88,1.935,0.215,-0.34
40,18,1.2235300637168423,5.75,1.39,0.155,-0.45
203,23,1.2219233000891627,5.88,1.684,0.214,-0.109
98,24,1.211380043113141,5.75,2.58,0.305,-0.26
159,16,1.2103425558276713,5.88,1.129,0.124,-0.152
339,24,1.1942999908295049,8.521,3.65,0.367,-0.204594263
121,11,1.1906584408558352,5.75,2.48,0.399,-0.34
37,16,1.1835361772000272,5.75,1.39,0.155,-0.2
320,17,1.1778114069294205,5.88,3.263,0.4,-0.872
42,22,1.1750747948187792,5.75,1.45,0.184,-0.15
218,18,1.172359597167219,5.88,1.934,0.215,-0.604
114,11,1.168476172384283,5.75,2.35,0.365,-0.45
219,18,1.1647126263434837,5.88,1.933,0.215,-0.866
263,18,1.1613147851166212,5.88,2.165,0.305,-0.606
258,17,1.1596649914171786,5.88,2.162,0.304,-0.154
149,24,1.1588575232463108,5.7572,2.19,0.342,-0.231
241,23,1.156493000039982,5.88,1.998,0.274,-0.204
120,12,1.1533515255362106,5.75,2.48,0.4,-0.26
267,20,1.149060895295174,5.88,2.653,0.304,-0.154
322,9,1.1472460004559397,5.88,2.847,0.432,-0.276
50,18,1.1450487732485284,5.75,1.63,0.185,-0.26
361,24,1.1446476671335126,8.847,5.36,0.485,-0.508514038
289,19,1.1413650773763042,5.88,2.853,0.335,-0.605
282,16,1.1406369528305236,5.88,2.2990000000000004,0.335,-0.87
226,13,1.1363199024872264,5.88,1.848,0.245,-0.448
180,17,1.131293478804836,5.88,1.427,0.155,-0.34
196,18,1.1198150452041842,5.88,1.672,0.185,-0.203
350,24,1.1129920324771296,4.487,2.708,0.483,-0.390576327
366,24,1.105904474864129,10.992,7.115,0.499,-0.612896976
198,18,1.1042733019398432,5.88,1.672,0.185,-0.34
94,14,1.1001868075777288,5.75,2.1,0.305,-0.45
165,21,1.0990860913359561,5.88,1.131,0.125,-0.864
225,19,1.0958699905652367,5.88,1.848,0.245,-0.341
156,24,1.0888418089375935,5.7572,2.36,0.371,-0.325
157,24,1.0887911222466249,5.7572,2.375,0.373,-0.372
378,24,1.0812761205788384,10.591,8.513,0.613,-1.328234507
61,18,1.0805465417310498,5.75,1.88,0.215,-0.2
304,23,1.0723954071138848,5.88,3.052,0.365,-0.448
220,13,1.0680830980123146,5.88,1.927,0.215,-1.382
164,20,1.0649171795067478,5.88,1.131,0.125,-0.603
72,24,1.0588013072692273,5.75,2.12,0.245,-0.15
9,24,1.0564663925557054,5.55,1.98,0.356,-0.242
117,24,1.0484938263800885,5.75,2.97,0.365,-0.34
158,16,1.040970252696741,5.88,1.129,0.124,-0.108
27,18,1.0375481470158876,5.75,1.11,0.126,-0.34
32,18,1.0343638253995069,5.75,1.27,0.154,-0.26
31,18,1.031252892801033,5.75,1.27,0.154,-0.2
328,10,1.0281702884484274,5.88,3.588,0.429,-0.277
57,19,1.0267507872509207,5.75,1.64,0.214,-0.34
43,20,1.0220624983215867,5.75,1.45,0.184,-0.2
215,18,1.0207655289532684,5.88,1.936,0.215,-0.262
105,13,1.0199114891436505,5.75,2.23,0.335,-0.45
100,20,1.0189387376505437,5.75,2.58,0.305,-0.45
28,19,1.0186087426868553,5.75,1.11,0.126,-0.45
315,8,1.016620362125928,5.88,3.204,0.391,-0.215
29,20,1.0162402706585707,5.75,1.27,0.154,-0.11
97,24,1.0101980998847058,5.75,2.58,0.304,-0.2
53,24,0.9994972526964051,5.75,1.64,0.214,-0.11
228,16,0.9798026285861547,5.88,1.8465,0.245,-0.8685
35,16,0.9749527096035603,5.75,1.39,0.155,-0.11
211,17,0.9685972331914153,5.88,1.684,0.215,-1.384
68,24,0.9653249572010419,5.75,1.79,0.244,-0.26
229,17,0.9630265677790267,5.88,1.845,0.245,-1.387
125,21,0.9582602546928491,5.75,3.18,0.4,-0.34
199,18,0.9545475519969006,5.88,1.672,0.185,-0.447
274,17,0.951744617392468,5.88,2.635,0.305,-1.389
356,24,0.9413525418695502,8.851,4.558,0.504,-0.547491577
79,22,0.939776231564797,5.75,1.94,0.274,-0.2
116,20,0.938368144803875,5.75,2.97,0.365,-0.26
101,8,0.9331578799160459,5.75,2.22,0.333,-0.16
353,22,0.9317860829723049,4.487,2.717,0.485,-0.539820254
67,23,0.9288402935778687,5.75,1.79,0.244,-0.2
108,24,0.9271007065982347,5.75,2.78,0.335,-0.26
184,13,0.9248289277779185,5.88,1.427,0.156,-1.38
345,24,0.9247054191458793,10.591,4.55,0.37,-0.27194461
327,13,0.9136429356701972,5.88,3.134,0.465,-1.416
44,20,0.909655192873496,5.75,1.45,0.184,-0.26
26,18,0.8930803262942296,5.75,1.11,0.126,-0.26
355,24,0.8899523073577678,8.851,4.528,0.501,-0.479541698
126,22,0.8800626775381811,5.75,3.18,0.4,-0.45
237,16,0.8740605462876846,5.88,2.171,0.245,-0.866
83,13,0.8727818168623951,5.75,2.35,0.274,-0.11
360,24,0.8693069667243867,8.847,5.339,0.483,-0.445598869
160,15,0.8679065705488127,5.88,1.13,0.125,-0.203
99,22,0.8661816896586394,5.75,2.58,0.305,-0.34
24,16,0.8659004675014469,5.75,1.11,0.126,-0.15
217,16,0.8647147782877244,5.88,1.935,0.215,-0.447
299,15,0.8635155797575655,5.88,2.418,0.365,-1.404
66,24,0.8618407842125544,5.75,1.79,0.244,-0.15
362,24,0.8538849387001384,8.847,5.371,0.486,-0.56958964
163,20,0.8534496524192449,5.88,1.131,0.125,-0.446
347,24,0.8528759302569234,10.591,4.585,0.373,-0.398799717
151,20,0.8478117175154379,5.7572,2.193,0.342,-0.371
348,24,0.8477608556043559,10.591,4.568,0.371,-0.483372835
323,10,0.8408019307186745,5.88,2.982,0.447,-0.346
364,24,0.8390045620985188,10.992,7.044,0.494,-0.432560756
334,24,0.8388673884883863,7.383,3.167,0.363,-0.210832279
86,22,0.8358285307747993,5.75,2.35,0.275,-0.26
336,24,0.8339422552236528,7.383,3.18,0.365,-0.384877942
176,16,0.8331767452660936,5.88,1.425,0.155,-0.108
291,14,0.831949400929445,5.88,2.8345000000000002,0.335,-1.392
59,21,0.8319023404730382,5.75,1.88,0.215,-0.11
90,12,0.8314328125180372,5.75,2.1,0.304,-0.15
1,12,0.8306584800646829,5.55,1.51,0.359,-0.18
363,24,0.8292754429851151,8.847,5.379,0.486,-0.654643764
192,15,0.8286213956970708,5.88,1.488,0.185,-0.866
109,24,0.8265591514763142,5.75,2.78,0.335,-0.34
150,20,0.817761868642904,5.7572,2.191,0.342,-0.324
93,15,0.8156137272654846,5.75,2.1,0.304,-0.34
106,4,0.8130286054758901,5.75,2.77,0.333,-0.16
73,20,0.8109609843005741,5.75,2.12,0.245,-0.2
321,15,0.8081304951580645,5.88,3.251,0.4,-1.401
69,19,0.8077169293871012,5.75,1.8,0.244,-0.34
254,15,0.8039868511882401,5.88,2.41,0.275,-0.605
377,24,0.7951258379095769,10.591,8.501,0.613,-1.163107259
77,14,0.794678582071122,5.75,1.94,0.274,-0.11
107,24,0.7869668921198808,5.75,2.78,0.335,-0.2
374,24,0.7865468211074228,10.591,8.44,0.608,-0.791098587
85,23,0.7825142157608767,5.75,2.35,0.275,-0.2
357,24,0.777457044025243,8.851,4.573,0.506,-0.613854842
273,12,0.7757446364860657,5.88,2.6425,0.305,-0.869
344,24,0.7713826636816347,10.591,4.532,0.369,-0.2094225
367,24,0.7686608292401468,10.992,7.106,0.499,-0.697854847
154,24,0.7663377324785169,5.7572,2.318,0.363,-0.232
375,24,0.7619966251320799,10.591,8.453,0.609,-0.91206632
247,13,0.7598819174782678,5.88,1.993,0.275,-1.39
103,15,0.7574934813728048,5.75,2.23,0.335,-0.26
191,14,0.7565679029102029,5.88,1.488,0.185,-0.604
119,7,0.7532533100829274,5.75,2.44,0.393,-0.21
113,13,0.7516762453740718,5.75,2.35,0.365,-0.34
131,15,0.7513343774961377,5.75,3.63,0.451,-0.34
352,24,0.7493218503795017,4.487,2.715,0.485,-0.47977747
124,16,0.7469254933568965,5.75,3.18,0.399,-0.26
87,20,0.7446959821952098,5.75,2.35,0.275,-0.34
71,24,0.7425937182895975,5.75,2.12,0.244,-0.11
25,16,0.7392419185238697,5.75,1.11,0.126,-0.2
63,18,0.7370324713279173,5.75,1.88,0.215,-0.34
193,9,0.7309097673401997,5.88,1.487,0.185,-1.382
41,24,0.7297642762953537,5.75,1.45,0.184,-0.11
55,24,0.7264653687625814,5.75,1.64,0.214,-0.2
144,24,0.7205913294318952,5.7572,2.054,0.392,-0.233
60,20,0.7188461348802146,5.75,1.88,0.215,-0.15
306,12,0.7130297361153263,5.88,3.042,0.365,-0.871
143,24,0.7118522478719345,5.7572,2.012,0.378,-0.192
111,15,0.7112091644117823,5.75,2.35,0.365,-0.2
368,23,0.7102370059953189,10.992,7.102,0.498,-0.855613164
175,14,0.7066351303245862,5.88,1.303,0.155,-1.38
148,24,0.7022562334101222,5.7572,2.161,0.336,-0.171
376,24,0.7019590649923945,10.591,8.481,0.611,-1.037086159
15,24,0.6973814867185526,4.455,1.74,0.357,-0.181
342,24,0.6861471444051498,8.521,3.678,0.37,-0.392515367
17,24,0.6833745044912259,4.455,1.74,0.358,-0.301
140,24,0.6800347699970075,5.7572,1.964,0.375,-0.278
128,10,0.674551937458481,5.75,2.96,0.449,-0.34
122,10,0.6595994444990785,5.75,2.48,0.399,-0.45
369,24,0.6579169381952797,8.521,5.604,0.61,-0.764596036
146,24,0.6561185245500585,5.7572,2.084,0.4,-0.324
129,14,0.6553974770104453,5.75,3.05,0.461,-0.45
65,19,0.6536833201652218,5.75,1.79,0.244,-0.11
4,24,0.6519146583979235,5.55,1.74,0.359,-0.183
127,9,0.6507684582008415,5.75,2.81,0.433,-0.27
153,24,0.6498120750614572,5.7572,2.218,0.345,-0.176
209,13,0.648330571687837,5.88,1.685,0.215,-0.605
162,17,0.6479904654520346,5.88,1.131,0.125,-0.34
96,12,0.6428977785174781,5.75,2.58,0.304,-0.15
91,21,0.6391510350590449,5.75,2.1,0.304,-0.2
338,24,0.6306944862001753,7.383,3.18,0.364,-0.585781369
30,18,0.6281508587775826,5.75,1.27,0.154,-0.15
49,18,0.6187495674123576,5.75,1.63,0.185,-0.2
56,22,0.614214938120027,5.75,1.64,0.214,-0.26
202,16,0.6080628965976079,5.88,1.669,0.186,-1.381
341,24,0.6077332923833016,8.521,3.669,0.369,-0.330337229
349,24,0.6063244310273738,4.487,2.707,0.483,-0.34805523
132,16,0.6061124110560302,5.75,3.77,0.475,-0.45
335,24,0.6002977410166985,7.383,3.169,0.363,-0.296641104
82,14,0.596865554684987,5.75,1.94,0.275,-0.45
359,24,0.5849722537004906,8.847,5.331,0.482,-0.385372291
264,16,0.5813600595394971,5.88,2.1630000000000003,0.305,-0.871
130,12,0.5803276854020082,5.75,3.5,0.43,-0.28
152,20,0.5737309491882774,5.7572,2.194,0.343,-0.278
358,24,0.5662310356888112,8.851,4.593,0.508,-0.707314051
81,18,0.5661510055985718,5.75,1.94,0.275,-0.34
372,24,0.5631166917516509,8.521,5.653,0.617,-1.189621856
12,12,0.5609114531977561,3.355,1.49,0.357,-0.177
155,24,0.5591923835019691,5.7572,2.348,0.368,-0.279
52,18,0.5574976338750436,5.75,1.63,0.185,-0.45
343,24,0.5571718393468316,8.521,3.679,0.37,-0.480519034
80,19,0.5450672747644125,5.75,1.94,0.274,-0.26
142,24,0.5373133411944354,5.7572,1.999,0.381,-0.371
112,15,0.5315329116444604,5.75,2.35,0.365,-0.26
16,24,0.5283990009737786,4.455,1.74,0.357,-0.24
75,20,0.5219954156114212,5.75,2.12,0.245,-0.34
147,24,0.5151847480850226,5.7572,2.091,0.401,-0.371
265,17,0.5103315363892454,5.88,2.161,0.305,-1.391
115,17,0.5071367446458256,5.75,2.97,0.364,-0.2
371,24,0.5028574557848454,8.521,5.638,0.615,-1.048158824
48,18,0.5003045185455424,5.75,1.63,0.185,-0.15
47,18,0.49736457838999176,5.75,1.62,0.185,-0.11
351,24,0.4937979935800369,4.487,2.713,0.484,-0.435055174
139,24,0.4908735529679973,5.7572,1.933,0.368,-0.232
298,17,0.4856301225393459,5.88,2.425,0.365,-0.871
34,20,0.4712353035758074,5.75,1.27,0.154,-0.45
5,24,0.4703243829858092,5.55,1.74,0.359,-0.242
8,24,0.4628836525309772,5.55,1.98,0.357,-0.182
10,24,0.4623622266669815,5.55,1.98,0.356,-0.302
365,24,0.4589721492852903,10.992,7.093,0.498,-0.525571333
62,18,0.4555880418399389,5.75,1.88,0.215,-0.26
11,24,0.4499752708076418,5.55,1.99,0.358,-0.363
18,24,0.4459072329216263,4.455,1.76,0.361,-0.363
354,24,0.4386152762661748,8.851,4.497,0.497,-0.409743989
54,24,0.43739074357489355,5.75,1.64,0.214,-0.15
145,24,0.4300599943890426,5.7572,2.074,0.398,-0.279
7,24,0.41125111349209,5.55,1.75,0.361,-0.363
6,24,0.3980388187507864,5.55,1.74,0.359,-0.302
340,24,0.39613934878941093,8.521,3.653,0.367,-0.265805007
36,16,0.3890805256040937,5.75,1.39,0.155,-0.15
89,8,0.3854162354449976,5.75,2.08,0.301,-0.12
373,24,0.38193349101939605,8.521,5.659,0.616,-1.37317495
337,24,0.3552829916250128,7.383,3.184,0.365,-0.47089589
138,24,0.35222672595291904,5.7572,1.82,0.343,-0.172
13,12,0.3518602045953871,3.355,1.5,0.359,-0.236
92,17,0.3485773957595654,5.75,2.1,0.304,-0.26
14,10,0.3425453581126642,3.355,1.5,0.36,-0.296
346,24,0.33506019070737536,10.591,4.574,0.372,-0.335577073
370,24,0.330537279465013,8.521,5.617,0.612,-0.904134479
3,12,0.31294460765251203,5.55,1.52,0.361,-0.298
2,12,0.30773586784467305,5.55,1.51,0.359,-0.237
95,2,0.2438327532708315,5.75,2.56,0.301,-0.12
314,11,0.20598936518743924,5.88,2.548,0.4,-1.416
