set,n,chi2_per_point,pull_rms,median_abs_pull,max_abs_pull
1,12,0.436770154003965,0.660885885765436,0.6558867359936646,1.13396487062272
2,12,1.1985811380884501,1.0947973045675854,0.8577071822555362,2.024423875240887
3,12,0.922204927413774,0.9603150146768372,0.6134471530204642,1.8244642777989581
4,24,1.1694930942444397,1.0814310399856477,0.8022339363371235,2.7064419696715443
5,24,0.5636806648883206,0.7507866973304206,0.5909165244292456,1.4044332924685103
6,24,0.8129437271426978,0.9016339208030595,0.5460919630991,1.9378311996345414
7,24,1.6611965849348724,1.2888741540332294,1.0399548522718067,3.1413262461177895
8,24,0.6775751690905016,0.823149542361837,0.6283319025178059,1.458109470890906
9,24,0.5122679303675935,0.7157289503489387,0.3571167034205056,2.279306830140236
10,24,1.3372833499385,1.156409680839148,0.9954641159691973,3.1439264953168147
11,24,0.699566474795344,0.8364009055443113,0.556405851768736,1.7302235704832114
12,12,0.3422708070736376,0.5850391500349679,0.5406397169457414,1.1353732441875168
13,12,0.8371185346068378,0.9149418203398716,0.6640562133813965,1.830049400314758
14,10,0.2177200004984457,0.4666047583324089,0.440147015002261,0.7668580395994508
15,24,0.5820960972435064,0.7629522247451058,0.4595474321988851,1.5263302966889394
16,24,1.1704424911467768,1.0818699049085232,0.7195170381357722,2.299906275937257
17,24,0.6934784084408401,0.8327535100141218,0.6220381901574101,1.6993580844268799
18,24,0.9402845873786504,0.9696827251109769,0.6367750058352024,2.5738091781396037
23,16,1.8594784246053133,1.3636269374742174,0.521144114226656,3.1227185063734995
24,16,0.8982731437815665,0.9477727279161215,0.626017471496455,1.9681850539790957
25,16,1.0787980720999286,1.038652045730392,0.5995953719721596,2.381784161656134
26,18,0.5830701433268273,0.7635902980832242,0.5061906054576742,1.5924137569908674
27,18,0.6971454630689199,0.8349523717368075,0.676845781935109,1.6572923329494735
28,19,0.8571280685918806,0.9258121130077531,0.6175819233150347,2.013829371024369
29,20,0.5292180090756532,0.7274737171029982,0.5077554299445408,1.5770035433251983
30,18,0.6322785606717862,0.7951594561292635,0.5553601906191457,1.4496118310747588
31,18,0.6392068089113407,0.7995041018727426,0.5529603858201357,1.5936067581538333
32,18,0.7180554595170535,0.8473815312579414,0.7618658924803046,1.8531135150775042
33,18,1.1095453656809453,1.0533495932884511,0.5185695081513781,2.3170715202470924
34,20,1.024484105773836,1.012168022501124,0.5480333221728091,2.4190940722124665
35,16,0.977188859713735,0.9885286337348732,0.5961376157704146,2.742935570075224
36,16,0.7476597588846008,0.8646732093019888,0.2561187795716264,1.713871674264545
37,16,0.5198489363335308,0.7210055036776979,0.583916829774239,1.4271302251301818
38,16,1.1822447377947631,1.0873107825248323,0.4371658027401439,2.4951275049339845
39,18,0.6647755455846246,0.8153376880683393,0.557715754093663,1.497097542344691
40,18,0.7364952107882333,0.8581929915748749,0.616025075657198,1.947727620767026
41,24,0.5614436108573243,0.7492954096064678,0.40667301985696636,2.04810176045325
42,22,1.070062955744157,1.0344384736387935,0.6674855601760117,2.266287565778516
43,20,0.8484192153339706,0.9210967459143315,0.6027705124110909,2.098253423380587
44,20,0.7133016483839497,0.8445718728349587,0.6064533848364917,2.0164311242574957
45,20,1.8021202211032523,1.3424307137067641,0.8223777427142583,3.544155185928753
46,17,0.8477725886532815,0.9207456699074297,0.6455387680755176,1.9683990677291578
47,18,0.5870853188489292,0.7662149299308447,0.43390355332307173,2.2248696639684606
48,18,0.9922522745247809,0.9961186046474491,0.493801576638107,2.4306319329808623
49,18,0.629866243911268,0.7936411304306676,0.45837284129747025,1.8133899858428681
50,18,0.6475525857483349,0.804706521502302,0.45519689054624835,1.418571865451881
51,18,0.8061443223461069,0.8978554016912227,0.8804570618029864,1.3481156489506456
52,18,0.9414904677676716,0.9703043170921541,0.6825098768276342,1.6989393992434383
53,24,1.1898691872425724,1.0908112518866737,0.859221630682779,2.224692085795416
54,24,0.9751560849084647,0.9874999164093456,0.6166577254398389,2.2554881974085794
55,24,0.7666951046140097,0.8756112748326221,0.4938495588098871,2.572406344775144
56,22,0.8967557703474287,0.9469718952257393,0.6843947431229316,2.568505253142341
57,19,0.2949182694836202,0.543063780309109,0.41890532131950464,0.9205295980341125
58,15,1.0531872994658316,1.0262491410304964,0.8860107484700491,1.891555906058642
59,21,1.458371252982487,1.2076304289734037,0.9288125077935039,2.79350475341915
60,20,0.5570198060716456,0.7463375952420229,0.5751787296540607,1.6859156334266499
61,18,0.6359416416286648,0.7974594921553476,0.4984948969886701,1.834563082808794
62,18,0.4543628692950661,0.6740644400167287,0.5314268938157147,1.5307477730294172
63,18,0.46565245361341595,0.6823873193527382,0.4795180714971454,1.2335528195148089
64,19,0.6431813543449729,0.8019858816369356,0.5295519276462093,1.7833469780554827
65,19,0.9376025982884603,0.9682988166307239,0.6049808023108731,2.1811129515608236
66,24,0.4069907392152003,0.6379582582075416,0.4099330849347025,1.3714032306061201
67,23,1.0519596996744425,1.025650866364594,0.8645559396636364,1.8215930149042598
68,24,0.585103224470901,0.7649204040100519,0.46935937836811265,1.850393972006292
69,19,0.805409759114899,0.8974462430223322,0.5312093604531197,1.9822601900634103
70,13,0.708316371818058,0.8416153348282445,0.43612438260664843,1.7858772627757589
71,24,1.5584292408000484,1.248370634387099,1.1645313946879465,2.1101217119544664
72,24,0.8377166268881298,0.9152686091460418,0.7352802515719491,1.6942612480954076
73,20,0.5683886480926316,0.7539155444031059,0.6037248351691904,1.4567695304782584
74,20,0.32216089600020464,0.5675921916307558,0.4673403505615662,1.2591244455859931
75,20,0.8068276344120227,0.8982358456508083,0.7224101274695762,1.885808974247919
76,19,0.8219859177506477,0.9066343903419105,0.5085982156486645,2.2600627295655356
77,14,1.5221695925489882,1.2337623728048235,0.7202525816634063,2.4583889852286127
78,16,0.5373192605719304,0.7330206413000457,0.5629452309311467,1.9592514289690401
79,22,0.7886819836139961,0.8880776900778423,0.5303742532272178,2.1597660294621597
80,19,0.6969378777706522,0.8348280528172566,0.6997813296154469,1.4922245516094763
81,18,0.7511936786050405,0.8667143004502929,0.6981041899507588,2.146524038156892
82,14,0.7650827390431811,0.8746900817107629,0.3804584378507925,2.4784794833258044
83,13,2.92750228515088,1.710994531011388,1.4316144673305229,2.5835377987500805
84,16,2.8725201196954977,1.6948510612131964,1.507231611147486,3.1414033665759704
85,23,0.8968075963998835,0.946999258922563,0.7226834103201225,2.0290668009122856
86,22,0.47644461775134983,0.6902496778350207,0.5229931663989684,1.4488289749551502
87,20,0.9017414259226536,0.9496006665555019,0.4966851193274702,1.7839942307370635
88,20,0.6431464528923285,0.8019641219483129,0.6910943839902934,1.320623908026604
89,8,0.32152393935345447,0.567030809880252,0.5895976018053756,0.8118630996756465
90,12,0.29568813717375403,0.5437721371804132,0.4992680385987358,0.7660244636850322
91,21,0.2608682158334605,0.5107525974808748,0.3881118026405454,1.048133206888598
92,17,1.07580742170335,1.037211367901138,0.6479373091624728,2.250942570081364
93,15,0.5860100218383184,0.7655129142204712,0.5033818190464291,1.4479674620722462
94,14,0.9016310686154166,0.9495425575588577,0.5044245284314238,1.9643398835806392
95,2,0.2193593901262178,0.46835818571496945,0.4570502387121055,0.5593462279757381
96,12,3.8549321262824496,1.963398106926471,1.709774246944419,3.1172153619845493
97,24,0.7476588376181134,0.8646726765765838,0.6823227705087562,1.8698813310941116
98,24,0.5041761604935692,0.7100536321247637,0.23600651693051905,1.9170977926773436
99,22,0.6664728391605534,0.8163778776770922,0.7367727907206159,1.6042429814753938
100,20,0.815961634079591,0.9033059471073968,0.768153207331064,1.7178324495117032
101,8,0.703965363795808,0.8390264380791632,0.5007980527998384,1.8736341900463638
102,16,0.9068345149219662,0.9522785910236385,0.7476256891352586,1.7351687085536502
103,15,0.5862359268257414,0.7656604513919609,0.4562898555302147,1.6668324327226347
104,12,0.3655197788121732,0.6045823176476245,0.44049146723147625,1.3374229466600842
105,13,0.8759617319129547,0.9359282728462447,0.6556529166069603,2.2763516599429594
106,4,1.1501822093175451,1.072465481643836,1.1154694181362181,1.417889946365553
107,24,0.7838291202621207,0.8853412450926031,0.5446514143057004,1.795110064783069
108,24,0.5074906738684463,0.7123837967475442,0.49806457901041956,1.6282404375433062
109,24,0.5059380135744419,0.7112931980375194,0.4213137277372008,1.4814265522481627
110,22,0.254061072919809,0.5040447132148189,0.33133339567737286,1.298596569299437
111,15,0.7340669134869703,0.8567770500468429,0.7780828858974218,1.547015101519388
112,15,0.6568052878777515,0.8104352459498239,0.5976739215588549,1.6969607993123046
113,13,0.5928520529589737,0.7699688649282993,0.39140569916824586,1.701206233384869
114,11,1.0981582688194997,1.047930469458494,0.4888968174253193,2.9506555952985156
115,17,0.9403163701585202,0.9696991132091027,0.40848133394193764,2.720812108038864
116,20,0.6359183601108672,0.7974448947174139,0.40826541141692313,1.8099394828267372
117,24,0.6207504772550302,0.787877196811172,0.4838724163514604,2.1614622695516243
118,23,0.7547405393194325,0.8687580441753806,0.6035930590691359,2.308135742997975
119,7,0.2610970872671744,0.5109766014869707,0.47583245013605907,0.9479246140552245
120,12,0.41144221063703595,0.6414376124277683,0.4269552333630851,1.1821981323556032
121,11,1.1428205432964609,1.0690278496355747,0.6546829457125333,2.0470855340753182
122,10,0.18282074492811698,0.427575426010566,0.3352025137524768,0.7977217365047802
123,11,0.5244158326970235,0.7241656113742377,0.7351621813991644,1.2629401391197501
124,16,0.6563246170336726,0.810138640624969,0.39861564555965345,1.7840713586744237
125,21,0.44951212586892664,0.6704566547279001,0.3173866690578273,1.7750499169525449
126,22,0.45571961147851087,0.6750700789388542,0.43621311415763186,1.696507336982056
127,9,1.4611330267338873,1.2087733562309715,0.888070366012723,2.6242599853631527
128,10,1.3740203058138165,1.1721861225137484,0.9985465778842013,2.426483583694318
129,14,1.4871460670820302,1.2194859847829453,0.6652450872316541,2.8627797308491942
130,12,0.6854720902692519,0.8279324189022024,0.4212350052378364,1.9620976070305314
131,15,0.4986133996476801,0.7061256259672779,0.27004993602148336,1.5777998388165506
132,16,0.8405806807683175,0.9168318715927787,0.7799307647164557,1.7612570972398038
138,24,0.8033038325607526,0.8962721866490964,0.5171694122825614,2.549799989619576
139,24,0.841428798586059,0.9172942813438112,0.6477029205306535,2.3681618155438833
140,24,0.6577741002101382,0.8110327368301098,0.44706846948144363,1.8430788573949275
141,24,0.7840853729568072,0.8854859529980175,0.6385461756602655,2.587753093147126
142,24,1.1216336840210317,1.0590720863194496,0.6585729386474796,2.207793677145168
143,24,0.44722392774905684,0.6687480300898514,0.378969513609541,1.4697903774311891
144,24,0.7151590381458489,0.8456707622626248,0.5057087756713474,1.5380986704369832
145,24,0.7579897041134718,0.8706260414859366,0.7354567806125105,2.325836748331156
146,24,0.79731782179286,0.8929265489349391,0.6189307178549661,2.134593225513559
147,24,0.5781155943777323,0.7603391311630174,0.5915622047821343,1.7386822123683237
148,24,1.3834576709154731,1.1762047742274613,0.8856809895950604,2.2887158712039386
149,24,1.301712568005011,1.1409261886752406,0.5002091769145773,2.995110466773167
150,20,1.5449378003191074,1.2429552688327554,1.007747438189377,2.939114411724315
151,20,0.5515899690552475,0.7426910320282907,0.5541469303388107,1.9696593560555118
152,20,1.5300157763269162,1.2369380648710413,0.8339285390080202,3.221296394013485
153,24,0.9289780544207543,0.9638350763594123,0.5583672383824068,1.9250524322557814
154,24,0.7146147166840575,0.8453488727644093,0.5153221691326546,2.2256409529852963
155,24,1.6381569546652246,1.2799050568949342,0.7474171835569998,3.424268319776391
156,24,1.0248685659893477,1.012357923853687,0.7172538899758246,2.785651245129267
157,24,0.5162713796967547,0.7185202709017713,0.6159704733330774,1.3555869681409076
158,16,0.827098667398153,0.9094496508318385,0.537086753195555,1.9378993275913687
159,16,1.3279493615379763,1.152366851978126,0.8978673563452026,2.1166397750609494
160,15,1.2812176112538662,1.1319088352221067,0.9549386857592123,1.9566358244003865
161,18,1.3137548537326655,1.146191455967399,0.5452472953506162,3.037262521721876
162,17,1.2342308615139757,1.1109594328840164,0.8154166058720786,2.2113129910338043
163,20,1.6007148633641208,1.2651936070673613,0.9152482411645815,2.8712609961116193
164,20,1.4095218169281543,1.1872328402331844,0.6929560210645453,2.1869467316589106
165,21,1.6544781679540412,1.2862652012528526,1.125129591808812,2.1394172575031702
166,16,1.0080431699452086,1.0040135307580316,0.7214801055001179,2.3551887761476014
167,19,1.7312722637191158,1.3157781970070472,0.6328125475946133,3.2358884194336475
168,18,2.140035072219072,1.4628858712213582,1.1627272579932844,2.625161809747495
169,18,1.7958351848865841,1.3400877526813624,0.9300493181054408,2.975561754382164
170,17,1.66702257345373,1.29113228348366,1.1125626166070972,1.979731442371209
171,16,1.4554001535403467,1.2063996657577234,0.8490878193924787,2.7529666268135635
172,20,1.9803160554575356,1.4072370288823186,0.80756578928918,3.6480245309310373
173,19,5.023142262570016,2.2412367707518133,1.5349199995009204,4.743984375652031
174,15,1.7276008018407745,1.314382289077563,0.892497861602404,2.618409856249822
175,14,1.228186621293118,1.1082358148395666,0.9337487773683255,2.0277392612485485
176,16,1.222211406104833,1.105536705001165,0.8026873742515883,2.3303998436944897
177,16,1.0821087044249231,1.0402445406849887,0.4461738592905411,2.6087244312577367
178,16,1.6758879800551583,1.2945609217241028,1.2927671551945654,2.136382004722568
179,18,1.483859958258839,1.2181379060922615,0.9629744660107671,2.3147215292537675
180,17,3.6492560657428093,1.9103026110391017,0.870833906818687,5.095990132407457
181,18,1.1161598406286002,1.0564846618047041,0.49373029042860184,3.241191196113025
182,20,1.1512765567237329,1.0729755620347246,1.0214249167244276,1.8410319235521577
183,22,3.3248683399207817,1.8234221507705728,0.8128918825460076,5.450590246713316
184,13,1.4674329257332954,1.2113764591295704,0.7462343242169612,2.513986516589474
185,22,2.282354052960907,1.5107461907815314,1.1648135611744326,2.90656290363217
186,22,1.6422736791367667,1.2815122625776028,1.0016984520871666,2.3583780003804597
187,20,2.090360194901582,1.4458078001247545,1.0382092096483846,2.743356958904016
188,20,1.5852405937819904,1.259063379573082,1.1045806933710447,2.3442856693469256
189,20,1.6393096628782278,1.2803552877534532,0.9018057060840796,3.120361036106585
190,20,1.9543398033527517,1.3979770396371864,0.9560920304092704,2.8438207618821933
191,14,1.1463282891484403,1.070667216808491,0.921894293354315,1.8081387792048147
192,15,2.256021248119139,1.5020057417064487,1.4239002995172672,2.5602276311299095
193,9,1.662613394836159,1.2894236677043582,0.73508774056133,2.8251280425264635
194,18,0.9285652778894191,0.9636209202219611,0.7330782384951953,2.0759639612106273
195,18,1.178538837155645,1.0856052860757657,0.6583362862296611,2.9649287633687
196,18,1.1152255701607554,1.0560424092624099,0.6105139088057852,2.2374418001176424
197,17,1.6968314198059646,1.302624819280657,0.8522009398674227,2.5688528478844055
198,18,1.4613188037247005,1.2088501990423381,1.0757142225967584,2.2374791809386556
199,18,1.1355407010684506,1.0656175210029397,0.7376382572498468,2.599438710785908
200,19,1.7997009606129528,1.3415293364712353,1.0070399870834172,2.7823288640983006
201,19,2.3103983394374987,1.519999453762237,1.1105158728037028,3.4360576121138013
202,16,1.3912091977675947,1.1794953148561442,0.8731754413923708,3.0896240467395337
203,23,2.5277631524532898,1.5898940695698218,1.1383948864798377,3.356875509559089
204,24,2.8466325452359045,1.6871966528048543,1.3594175653655598,3.55274559404629
205,22,1.9204965334692365,1.3858198055552664,1.0196210011527642,2.7925957380355304
206,20,1.9551566228639559,1.3982691525110449,1.201320231777226,2.7171509704806867
207,19,1.0230276411472687,1.0114482889141039,0.9024844122979249,1.9811687103883355
208,16,0.8897152892868431,0.9432472047596235,0.705392239238722,1.7626818731399223
209,13,0.9293534184352789,0.964029780886088,0.6761727882852291,1.7325948303557033
210,13,1.7235573739636612,1.3128432404379669,0.37502367682923404,3.1732273326643274
211,17,1.1792494298556022,1.0859325162530138,1.001101433755476,2.035726148611808
212,22,1.8210330041808993,1.3494565588342957,0.6202465505114174,2.7739957150960866
213,20,0.9448886239243561,0.972053817401257,0.614289294790644,2.0145922633415103
214,18,2.104780225798068,1.4507860716859906,0.6960548227786619,3.7466070742294417
215,18,1.3335886447872085,1.1548110861899485,1.116188588200875,1.9575897331001735
216,17,1.1577345482716512,1.075980737872036,0.8825103919944985,1.9037939308919953
217,16,1.0765803508838672,1.0375839006479752,0.7996426964252497,1.7673466775272266
218,18,2.0490159033956905,1.4314384036331045,0.5928138143059838,4.916395766727442
219,18,1.897176175917428,1.3773801856849213,1.037898039442831,2.602784971413873
220,13,2.454235465912284,1.5665999699707274,1.1029616685814727,2.8075198239384833
221,23,9.184280127323886,3.0305577254564686,1.8408032131907202,8.672477774132638
222,22,2.3711349004039364,1.5398489862333697,1.0654998409131766,2.993259724017455
223,23,2.6987721724317835,1.6427940139992547,1.1907317289245984,3.83431342607718
224,24,2.0700386671161275,1.438762894682834,0.9117673490184717,3.8852687798225736
225,19,1.9062136203047435,1.3806569524341459,0.7931085344135835,3.0261812357187634
226,13,1.8188996333957463,1.3486658716656792,1.3238653845093955,2.4111960079137638
227,12,2.292598312745782,1.5141328583535139,0.634549335824369,3.9643046988074238
228,16,3.93958717231763,1.9848393316129218,1.4645916501941016,4.862980727043554
229,17,1.3981933556096904,1.1824522635648724,0.9444234364133833,2.715379068738955
230,22,1.2228395473463587,1.1058207573320185,0.5249040023328823,2.288191215888212
231,24,1.6933196222309614,1.301276151410976,1.0168121939601211,2.709929077435214
232,17,1.7019564157163103,1.304590516490255,1.0477210408855546,2.427072912108866
233,20,2.471984712071359,1.5722546587850708,0.9352460867411929,3.528839917183265
234,20,1.6196214602130208,1.2726434929755548,0.98926985611435,2.396256054710952
235,19,2.070845590420371,1.439043289974409,1.2556892328689193,2.8954062878908275
236,19,2.812142274959251,1.676944326732182,1.1870065920595887,4.437909148279973
237,16,2.499123729993801,1.580861704891924,1.0550645518952075,3.060928132043032
238,13,0.8958814436639714,0.9465101392293541,0.7057517340190621,1.437590332071378
239,17,18.490847747019668,4.300098574104978,1.6903276500323825,12.882745936868345
240,23,2.92403096514191,1.709979814249838,1.2705028978359556,3.4814703266769125
241,23,3.5671866899534166,1.8886997352552937,0.9575767384190177,6.302118627519634
242,19,1.4824675039448985,1.2175662215850513,0.6263402403211342,3.0133245992491036
243,18,3.7761478324586926,1.9432312864038321,1.0984413125935526,4.6689150009892435
244,15,2.3780586627755644,1.5420955426871463,0.4995458886422201,4.517696565552226
245,14,3.959452858933929,1.9898373950988884,0.6674421349787076,5.3512466669908285
246,17,2.253442309130439,1.5011469978421297,0.6032881040954323,3.556382865999624
247,13,0.6840336402999553,0.8270632625742455,0.4390881714684378,1.5206456936636665
248,15,7.85317509210918,2.802351707425244,1.1386525104560028,7.757913988459446
249,24,1.3829189032775016,1.1759757239320467,0.8899470927730384,3.2293421225103582
250,21,6.368459017201489,2.5235805945524086,1.2247377456913673,6.135389581725256
251,22,1.968509602862588,1.4030358523083393,1.0213989179729759,3.7138698624857067
252,20,1.635270369316908,1.2787769036532166,0.9684146685242851,2.936769204762483
253,20,3.554892610574465,1.885442285134834,1.1870388835651373,5.081238026093319
254,15,1.5121397484721275,1.2296909158289036,0.9974124190543978,2.215400969437346
255,13,1.8410359707523374,1.3568478067758143,1.196960566853652,2.1667594695425847
256,16,1.9165470958550879,1.384394125910352,0.987797084665052,3.1866996107136463
257,9,7.953544094161078,2.8202028462791606,2.01280836723773,5.981980865801352
258,17,3.889100287612941,1.9720801929974707,1.2649824109863115,4.080230218888605
259,21,3.863033181276463,1.9654600431645672,0.9997955890710526,5.326131073634937
260,20,4.065787076137669,2.016379695428832,0.597210990118374,5.135231062862114
261,16,1.9159120063914195,1.384164732389689,1.3898710043106033,2.5797672442424044
262,17,2.632733788594221,1.622570118236565,1.4389478068521586,3.437653495709097
263,18,0.9757281885189312,0.9877895466742554,0.5948945040607593,1.8756494089002504
264,16,3.2930148012316662,1.8146665812847456,1.0936700619366695,4.326668540071918
265,17,1.3733172099689936,1.1718861762001433,0.7577551618711607,2.679165716945632
266,11,14.43064847902262,3.798769337433193,2.080209461505949,6.41530195134074
267,20,1.3884568469075844,1.1783279878317345,1.0421116888234485,2.061166377371502
268,24,1.773684669509451,1.3317975332269734,0.8896534909557805,2.9713199648404838
269,23,3.4018011069105905,1.844397220478981,1.2320244869555368,3.6679256926287658
270,19,3.255117936680115,1.804194539588266,1.0084192456883383,3.7281106517792355
271,20,1.7372223145597274,1.318037296346248,0.7822323754289098,3.2731988669226193
272,18,4.049095490976573,2.012236440127395,0.8258506516544677,6.284540193240246
273,12,3.975891531443447,1.9939637738543414,1.4528725914331475,4.357050473903218
274,17,2.4894254581835575,1.5777913227621572,1.205429209146005,2.5958520915001766
275,1,5.046005417546625,2.246331546665947,2.246331546665947,2.246331546665947
276,14,4.222522771562801,2.054877799666637,1.308950008188782,4.376674223032257
277,18,1.7758144851720215,1.3325968952282687,1.132635266242074,2.9621053390359555
278,17,2.4213557656347398,1.5560706171747924,1.184508533001899,3.624628260593586
279,14,2.6035146521043897,1.6135410289498031,1.3858811297464797,2.973458670731793
280,14,1.79049861856284,1.3380951455568622,0.7201379314549332,3.6143598560582344
281,19,1.2938415325491701,1.1374715524131451,0.6705866545253679,3.4803852767831436
282,16,1.0672698093319701,1.033087512910678,0.48478430769239156,2.741130967609063
283,18,1.1670189857659166,1.0802865294753594,0.9773907486214628,1.9586054198641576
284,14,2.310172152631044,1.5199250483596367,0.7867717230377069,2.8053311966871424
285,20,2.039852291496736,1.4282339764536958,0.8477549021661761,4.260312043240101
286,24,3.500357847144875,1.8709243296148765,0.9165530964034648,5.944950023198358
287,22,2.2829725245480357,1.5109508676816847,1.0155805756973353,3.8107870970638538
288,22,2.455893164205695,1.5671289558315533,0.7824888695944194,4.671244454523491
289,19,1.6402094929742645,1.2807066381393768,1.025149078801639,2.7405026151104908
290,12,2.985124788699736,1.7277513677319825,0.9352915722161919,3.7719774325957185
291,14,1.9695447828315147,1.4034047109909225,1.0169654227133123,3.127690758107833
292,9,5.902904864776145,2.4295894436665932,1.293813014969738,5.072055579010933
293,15,1.7479138327948247,1.3220869233128452,1.1877898340911186,2.7441254187076307
294,13,3.0992621815872523,1.7604721473477654,1.3475800605883204,3.8049060039508413
295,14,3.1383067850487527,1.7715266820030549,1.445195622391358,3.0515723353626245
296,15,2.9040445220134044,1.7041257353885024,1.3077764912514798,3.423833556489296
297,20,2.785437007401858,1.66896285381127,1.3015233895681058,3.1153311701803905
298,17,0.96052156990335,0.9800620234981815,0.8431305388780983,1.7674279126143317
299,15,0.9249341098922372,0.9617349478376239,0.8445680441788113,1.4901249974640203
300,8,1.2532220599888337,1.119474010412405,0.6308255314519835,2.3795884954804483
301,13,1.208807907439718,1.0994580062192998,0.9560098581760413,1.999008840199871
302,19,1.4255574859610467,1.193967120971531,0.9758881909317131,2.986481519251218
303,23,0.8669954224705573,0.9311258897005051,0.4826410417293361,2.2855451013672115
304,23,4.014733831654994,2.0036800721809342,1.095189959537326,7.625685771054049
305,20,1.8281269903500792,1.3520824643305154,0.7458669229238635,3.296515834095875
306,12,2.9758064878798582,1.7250526043804746,1.0379330758704737,4.2291329161650095
307,11,1.0682597734029355,1.0335665307095308,0.8083545083858769,2.3322932064277317
308,10,1.0928693903228233,1.0454039364393188,0.7327170660260318,2.0051736315611888
309,13,7.275632279848123,2.6973379988144095,1.121213078540246,6.102338059879823
310,13,1.7454176546734839,1.3211425565295685,1.1987873286601898,2.327973872364118
311,13,2.1174436878436746,1.4551438718709826,1.3171505611598777,2.520232242585649
312,12,1.7875947974910809,1.337009647493645,0.7513481273013123,2.9737663550536397
313,16,1.0147145169696627,1.0073303911674971,0.7274490331022234,1.8201132826805428
314,11,0.45238003537975735,0.6725920274429049,0.5472524172054107,1.4408092575221345
315,8,2.1727261575383543,1.474017013992157,1.1158345163740675,2.4090847944268674
316,13,1.129799784737767,1.0629204037639728,0.7047355003332091,2.538272309227999
317,17,1.2251960122535674,1.1068857268271046,0.7430204006458864,2.3418079130726053
318,24,2.650386662801838,1.628000817813627,0.6052165664666591,5.50480790570529
319,22,2.9620504936158167,1.7210608628447213,0.8438831307497627,5.248717288295332
320,17,1.9414350141574555,1.393353872552646,0.8744889702411294,4.34780305877168
321,15,1.0026928785075633,1.0013455340228783,0.7100402567671721,2.37791588022125
322,9,1.9323870421702172,1.3901032487445732,0.9402771319432748,2.4331386352714035
323,10,2.148192086379587,1.4656712067785145,0.6427154752698003,3.2324905061970113
324,14,1.1215645261126301,1.0590394355795398,0.6966510669962755,2.57445185551859
325,16,1.7703891853180598,1.3305597263250004,1.0129215947210608,2.375816612321608
326,15,1.583153438802987,1.2582342543433584,0.570289948062976,2.7609742729289763
327,13,0.5954521222805708,0.7716554427207591,0.5009844073974017,1.4431823663720793
328,10,0.9065366098561858,0.9521221612042153,0.30949018366984915,2.180706994229316
329,14,0.9274124885395684,0.9630225794546919,0.7506718199253821,1.561291905064803
330,16,3.1134657459203607,1.7645015573584402,0.8421181215722275,5.0134522918769635
331,16,2.2544971354986973,1.5014982968683972,0.6831314221546321,2.8654739025900815
332,16,2.471028689128373,1.5719506000916101,0.9055453390862274,3.2610041936294345
333,12,2.7683498523705503,1.663835885047125,1.0347787881678232,3.0129929078059803
334,24,1.9729339720746084,1.404611680171644,1.1681415516163123,3.542730977103143
335,24,1.8853437782872933,1.3730782127349095,1.14166834647944,3.216569190351411
336,24,1.9476804930976994,1.3955932405603357,1.0556168035816156,2.645621119540655
337,24,1.4811054506867363,1.2170067586857258,0.7992656772753417,2.4872136921204473
338,24,2.0291058328377125,1.4244668591573875,0.8159318930969756,3.3678651685393257
339,24,1.6566709812954536,1.2871173145037922,0.8720219484571519,3.058201117359575
340,24,1.745278478054776,1.3210898826555202,1.0696990215315103,2.9172345625115077
341,24,1.0144180660160835,1.0071832335856685,0.4010485533647316,2.523894230569766
342,24,1.1308744908272534,1.0634258276096427,1.0770268376900276,2.2764785303650856
343,24,1.07487623417341,1.0367623807668804,0.7348662063131788,2.3226177494586393
344,24,0.9153414636234819,0.956734792731759,0.5830820813144808,2.2866913771869606
345,24,1.9061701036488163,1.3806411929421838,0.8110730904184991,2.9464778286142534
346,24,1.1503438414378977,1.0725408343918184,0.6369707012204949,2.1562353887791614
347,24,0.979958569603539,0.9899285679297971,0.6958915568909496,2.054462928690532
348,24,0.878111622833082,0.9370761030103596,0.8650326902711458,1.8487983248343367
349,24,0.7297300804931816,0.8542424014840176,0.4822403539484941,1.9128842835319089
350,24,0.8739900361769622,0.9348743424530177,0.746543794013973,1.9033753963767837
351,24,0.6777977022430112,0.8232847030298882,0.6058764591464472,1.7577735076379999
352,24,0.9432883928764673,0.9712303500593807,0.8243394696777595,1.9322316591285453
353,22,2.7287448717285883,1.6518913014265157,1.3340857633346368,3.758843440261453
354,24,0.989847416455849,0.9949107580360406,0.5606828860748474,2.139714684207468
355,24,1.300013243422482,1.1401812327092926,0.9052118565618382,1.9629837036125861
356,24,1.0239239507471616,1.0118912741728538,0.5471491140848801,1.9670726850669884
357,24,2.3147591765057633,1.5214332639014316,0.9289039057470125,2.8578557228967805
358,24,2.6176744604701425,1.6179228845869456,1.248810000633618,3.5821514689037075
359,24,0.7502376244694459,0.8661625854707913,0.5655093924197294,2.4225569689585433
360,24,0.7417378798664161,0.8612420564895888,0.6682359125713043,1.6399250016763283
361,24,0.7297754792978347,0.8542689736247212,0.6500073413826599,1.8032673459426796
362,24,0.779349570485075,0.8828077766337783,0.5022590896195633,2.6272695896903224
363,24,1.5881501576743853,1.260218297627195,0.9177372810859673,2.6173408924662867
364,24,0.816153050919776,0.9034118943869269,0.6014965444023009,1.7013420000000001
365,24,0.7736063299768521,0.8795489355214138,0.5699464381372656,2.352701970470632
366,24,0.9863208721411959,0.9931368848961335,0.5816804988691056,2.033578773044327
367,24,0.6040298968209892,0.77719360317812,0.5527562679112344,1.463756036459902
368,23,1.4687666183443984,1.2119268205400846,0.7032112546630975,3.0216881007145644
369,24,0.6292781058844533,0.7932705124259021,0.3419041873591745,2.103948894401758
370,24,1.623340782383882,1.2741039134952383,0.9267651791098557,2.4595329154296994
371,24,1.0052959438142735,1.002644475282377,0.7532919482251288,2.376582336168524
372,24,1.3428223192013558,1.1588021052799982,0.8514084313038954,2.261916341704823
373,24,1.8607811133523724,1.364104509688452,1.0013500249085334,2.5703201824120634
374,24,0.8440122762251011,0.9187014075449657,0.4848261636319614,2.8471499234996296
375,24,1.2762768889257492,1.1297242534909788,0.7975830614438764,2.42865847458689
376,24,1.3232045066920122,1.1503062664751558,0.9921826607659225,2.334691176470589
377,24,1.0459341765090513,1.0227092336089723,0.5456659564632523,2.837403041800397
378,24,0.8481451257893603,0.9209479495548922,0.39889420775511136,2.454732165267731
